Date,Boys,Girls,
2015-01-01,159,153,
2015-01-02,140,126,
2015-01-03,172,161,
2015-01-04,104,116,
2015-01-05,154,138,
2015-01-06,142,139,
2015-01-07,154,177,
2015-01-08,118,128,
2015-01-09,161,133,
2015-01-10,134,134,
2015-01-11,93,82,
2015-01-12,173,168,
2015-01-13,123,107,
2015-01-14,127,125,
2015-01-15,124,108,
2015-01-16,116,126,
2015-01-17,105,105,
2015-01-18,90,102,
2015-01-19,116,130,
2015-01-20,117,99,
2015-01-21,147,140,
2015-01-22,160,152,
2015-01-23,133,131,
2015-01-24,94,97,
2015-01-25,79,78,
2015-01-26,115,129,
2015-01-27,124,121,
2015-01-28,137,110,
2015-01-29,116,127,
2015-01-30,108,117,
2015-01-31,120,99,
2015-02-01,92,94,
2015-02-02,132,124,
2015-02-03,122,129,
2015-02-04,93,104,
2015-02-05,167,118,
2015-02-06,105,120,
2015-02-07,111,109,
2015-02-08,79,71,
2015-02-09,121,147,
2015-02-10,120,113,
2015-02-11,157,150,
2015-02-12,104,92,
2015-02-13,101,111,
2015-02-14,134,104,
2015-02-15,88,71,
2015-02-16,137,120,
2015-02-17,133,114,
2015-02-18,103,81,
2015-02-19,101,86,
2015-02-20,140,116,
2015-02-21,127,103,
2015-02-22,94,98,
2015-02-23,135,107,
2015-02-24,150,114,
2015-02-25,120,129,
2015-02-26,94,106,
2015-02-27,133,102,
2015-02-28,105,122,
2015-03-01,105,84,
2015-03-02,169,122,
2015-03-03,111,110,
2015-03-04,153,145,
2015-03-05,157,161,
2015-03-06,130,141,
2015-03-07,111,119,
2015-03-08,87,76,
2015-03-09,117,116,
2015-03-10,135,104,
2015-03-11,132,134,
2015-03-12,173,153,
2015-03-13,119,112,
2015-03-14,112,101,
2015-03-15,86,94,
2015-03-16,161,150,
2015-03-17,122,145,
2015-03-18,170,142,
2015-03-19,113,97,
2015-03-20,100,100,
2015-03-21,97,118,
2015-03-22,103,96,
2015-03-23,181,145,
2015-03-24,127,137,
2015-03-25,132,158,
2015-03-26,114,134,
2015-03-27,114,102,
2015-03-28,113,125,
2015-03-29,95,92,
2015-03-30,167,142,
2015-03-31,133,114,
2015-04-01,153,125,
2015-04-02,135,136,
2015-04-03,136,141,
2015-04-04,103,100,
2015-04-05,77,79,
2015-04-06,181,176,
2015-04-07,115,125,
2015-04-08,167,138,
2015-04-09,126,131,
2015-04-10,162,141,
2015-04-11,119,112,
2015-04-12,99,86,
2015-04-13,152,166,
2015-04-14,104,99,
2015-04-15,146,122,
2015-04-16,134,109,
2015-04-17,114,123,
2015-04-18,126,88,
2015-04-19,87,86,
2015-04-20,126,131,
2015-04-21,127,123,
2015-04-22,142,155,
2015-04-23,127,112,
2015-04-24,161,148,
2015-04-25,127,128,
2015-04-26,91,90,
2015-04-27,136,114,
2015-04-28,122,145,
2015-04-29,169,147,
2015-04-30,157,132,
2015-05-01,175,170,
2015-05-02,136,128,
2015-05-03,130,108,
2015-05-04,154,126,
2015-05-05,138,138,
2015-05-06,165,176,
2015-05-07,171,143,
2015-05-08,183,121,
2015-05-09,155,149,
2015-05-10,148,131,
2015-05-11,142,171,
2015-05-12,158,132,
2015-05-13,156,130,
2015-05-14,181,174,
2015-05-15,241,249,
2015-05-16,154,153,
2015-05-17,103,113,
2015-05-18,148,165,
2015-05-19,157,147,
2015-05-20,224,217,
2015-05-21,175,169,
2015-05-22,187,189,
2015-05-23,167,156,
2015-05-24,126,124,
2015-05-25,183,199,
2015-05-26,155,167,
2015-05-27,189,178,
2015-05-28,188,172,
2015-05-29,146,184,
2015-05-30,154,127,
2015-05-31,132,112,
2015-06-01,182,181,
2015-06-02,171,165,
2015-06-03,181,169,
2015-06-04,150,150,
2015-06-05,170,192,
2015-06-06,152,158,
2015-06-07,150,117,
2015-06-08,153,197,
2015-06-09,179,150,
2015-06-10,190,189,
2015-06-11,209,191,
2015-06-12,188,200,
2015-06-13,164,164,
2015-06-14,146,112,
2015-06-15,181,153,
2015-06-16,135,144,
2015-06-17,170,163,
2015-06-18,210,211,
2015-06-19,181,185,
2015-06-20,160,134,
2015-06-21,98,94,
2015-06-22,195,178,
2015-06-23,165,136,
2015-06-24,162,168,
2015-06-25,185,163,
2015-06-26,159,173,
2015-06-27,175,156,
2015-06-28,131,109,
2015-06-29,201,201,
2015-06-30,156,149,
2015-07-01,156,151,
2015-07-02,156,158,
2015-07-03,163,166,
2015-07-04,125,141,
2015-07-05,116,122,
2015-07-06,197,166,
2015-07-07,157,119,
2015-07-08,169,169,
2015-07-09,165,152,
2015-07-10,178,180,
2015-07-11,172,146,
2015-07-12,121,108,
2015-07-13,190,180,
2015-07-14,149,167,
2015-07-15,160,117,
2015-07-16,155,156,
2015-07-17,163,160,
2015-07-18,132,117,
2015-07-19,136,104,
2015-07-20,216,180,
2015-07-21,180,168,
2015-07-22,163,166,
2015-07-23,186,167,
2015-07-24,146,149,
2015-07-25,143,140,
2015-07-26,114,88,
2015-07-27,201,163,
2015-07-28,144,156,
2015-07-29,124,151,
2015-07-30,182,174,
2015-07-31,182,187,
2015-08-01,148,140,
2015-08-02,111,125,
2015-08-03,180,187,
2015-08-04,172,143,
2015-08-05,141,161,
2015-08-06,189,222,
2015-08-07,145,155,
2015-08-08,139,145,
2015-08-09,102,100,
2015-08-10,206,192,
2015-08-11,153,126,
2015-08-12,216,175,
2015-08-13,177,181,
2015-08-14,139,130,
2015-08-15,147,118,
2015-08-16,130,124,
2015-08-17,180,184,
2015-08-18,160,182,
2015-08-19,195,167,
2015-08-20,223,177,
2015-08-21,202,192,
2015-08-22,146,123,
2015-08-23,90,107,
2015-08-24,172,168,
2015-08-25,153,167,
2015-08-26,157,177,
2015-08-27,219,201,
2015-08-28,171,142,
2015-08-29,150,149,
2015-08-30,95,90,
2015-08-31,152,145,
2015-09-01,173,154,
2015-09-02,172,138,
2015-09-03,179,195,
2015-09-04,170,160,
2015-09-05,141,165,
2015-09-06,125,131,
2015-09-07,198,185,
2015-09-08,164,156,
2015-09-09,240,213,
2015-09-10,185,176,
2015-09-11,174,167,
2015-09-12,146,114,
2015-09-13,106,112,
2015-09-14,187,155,
2015-09-15,181,161,
2015-09-16,189,183,
2015-09-17,185,180,
2015-09-18,154,163,
2015-09-19,158,161,
2015-09-20,137,98,
2015-09-21,160,137,
2015-09-22,148,148,
2015-09-23,225,220,
2015-09-24,214,178,
2015-09-25,185,184,
2015-09-26,153,115,
2015-09-27,144,109,
2015-09-28,189,180,
2015-09-29,144,169,
2015-09-30,169,179,
2015-10-01,222,195,
2015-10-02,164,158,
2015-10-03,161,167,
2015-10-04,137,134,
2015-10-05,189,171,
2015-10-06,159,165,
2015-10-07,250,223,
2015-10-08,181,166,
2015-10-09,211,173,
2015-10-10,194,162,
2015-10-11,119,115,
2015-10-12,126,129,
2015-10-13,137,125,
2015-10-14,232,200,
2015-10-15,219,219,
2015-10-16,166,153,
2015-10-17,180,158,
2015-10-18,141,103,
2015-10-19,198,198,
2015-10-20,173,163,
2015-10-21,178,149,
2015-10-22,215,209,
2015-10-23,172,189,
2015-10-24,152,146,
2015-10-25,129,117,
2015-10-26,204,182,
2015-10-27,174,168,
2015-10-28,211,187,
2015-10-29,185,162,
2015-10-30,161,178,
2015-10-31,171,181,
2015-11-01,129,123,
2015-11-02,194,214,
2015-11-03,179,178,
2015-11-04,168,176,
2015-11-05,217,216,
2015-11-06,196,183,
2015-11-07,185,164,
2015-11-08,112,113,
2015-11-09,173,187,
2015-11-10,112,107,
2015-11-11,124,134,
2015-11-12,192,170,
2015-11-13,250,240,
2015-11-14,163,162,
2015-11-15,143,134,
2015-11-16,181,176,
2015-11-17,183,163,
2015-11-18,291,240,
2015-11-19,198,171,
2015-11-20,202,181,
2015-11-21,161,151,
2015-11-22,140,148,
2015-11-23,180,188,
2015-11-24,167,190,
2015-11-25,187,193,
2015-11-26,169,141,
2015-11-27,176,173,
2015-11-28,153,177,
2015-11-29,140,110,
2015-11-30,174,182,
2015-12-01,141,127,
2015-12-02,129,154,
2015-12-03,142,128,
2015-12-04,159,174,
2015-12-05,187,169,
2015-12-06,118,118,
2015-12-07,181,174,
2015-12-08,165,165,
2015-12-09,178,161,
2015-12-10,183,145,
2015-12-11,142,133,
2015-12-12,142,119,
2015-12-13,110,120,
2015-12-14,189,183,
2015-12-15,160,146,
2015-12-16,150,165,
2015-12-17,161,122,
2015-12-18,134,115,
2015-12-19,149,139,
2015-12-20,107,128,
2015-12-21,184,177,
2015-12-22,150,129,
2015-12-23,184,165,
2015-12-24,126,138,
2015-12-25,119,105,
2015-12-26,108,112,
2015-12-27,100,68,
2015-12-28,142,142,
2015-12-29,124,117,
2015-12-30,152,132,
2015-12-31,135,119,
2016-01-01,136,138,
2016-01-02,126,95,
2016-01-03,116,96,
2016-01-04,162,166,
2016-01-05,136,112,
2016-01-06,162,159,
2016-01-07,153,138,
2016-01-08,127,96,
2016-01-09,104,98,
2016-01-10,101,99,
2016-01-11,153,171,
2016-01-12,159,131,
2016-01-13,164,116,
2016-01-14,136,105,
2016-01-15,107,90,
2016-01-16,92,90,
2016-01-17,73,71,
2016-01-18,133,137,
2016-01-19,126,105,
2016-01-20,138,147,
2016-01-21,144,148,
2016-01-22,139,137,
2016-01-23,114,118,
2016-01-24,100,97,
2016-01-25,116,109,
2016-01-26,112,106,
2016-01-27,145,158,
2016-01-28,117,127,
2016-01-29,120,154,
2016-01-30,122,95,
2016-01-31,87,93,
2016-02-01,122,116,
2016-02-02,99,98,
2016-02-03,172,133,
2016-02-04,113,115,
2016-02-05,125,98,
2016-02-06,110,116,
2016-02-07,83,90,
2016-02-08,89,86,
2016-02-09,97,93,
2016-02-10,150,147,
2016-02-11,146,115,
2016-02-12,166,143,
2016-02-13,104,101,
2016-02-14,102,76,
2016-02-15,106,110,
2016-02-16,103,118,
2016-02-17,150,154,
2016-02-18,130,112,
2016-02-19,124,121,
2016-02-20,122,91,
2016-02-21,74,71,
2016-02-22,143,147,
2016-02-23,110,109,
2016-02-24,163,136,
2016-02-25,138,121,
2016-02-26,137,137,
2016-02-27,115,98,
2016-02-28,97,65,
2016-02-29,115,95,
2016-03-01,144,128,
2016-03-02,132,109,
2016-03-03,126,107,
2016-03-04,124,136,
2016-03-05,128,111,
2016-03-06,109,100,
2016-03-07,141,129,
2016-03-08,114,97,
2016-03-09,95,97,
2016-03-10,175,165,
2016-03-11,168,151,
2016-03-12,115,126,
2016-03-13,78,76,
2016-03-14,131,145,
2016-03-15,119,131,
2016-03-16,145,127,
2016-03-17,142,128,
2016-03-18,180,154,
2016-03-19,116,100,
2016-03-20,95,91,
2016-03-21,172,148,
2016-03-22,112,146,
2016-03-23,191,172,
2016-03-24,159,135,
2016-03-25,128,123,
2016-03-26,119,129,
2016-03-27,85,70,
2016-03-28,159,112,
2016-03-29,124,104,
2016-03-30,128,127,
2016-03-31,141,118,
2016-04-01,106,111,
2016-04-02,134,118,
2016-04-03,84,110,
2016-04-04,161,160,
2016-04-05,135,126,
2016-04-06,133,112,
2016-04-07,131,117,
2016-04-08,131,92,
2016-04-09,167,138,
2016-04-10,96,91,
2016-04-11,176,172,
2016-04-12,128,137,
2016-04-13,163,153,
2016-04-14,99,104,
2016-04-15,117,100,
2016-04-16,119,91,
2016-04-17,74,75,
2016-04-18,120,115,
2016-04-19,140,98,
2016-04-20,124,119,
2016-04-21,123,124,
2016-04-22,148,130,
2016-04-23,110,113,
2016-04-24,90,63,
2016-04-25,164,153,
2016-04-26,121,104,
2016-04-27,116,132,
2016-04-28,156,113,
2016-04-29,143,140,
2016-04-30,104,113,
2016-05-01,98,111,
2016-05-02,170,155,
2016-05-03,132,118,
2016-05-04,129,161,
2016-05-05,138,139,
2016-05-06,101,116,
2016-05-07,108,102,
2016-05-08,111,102,
2016-05-09,192,178,
2016-05-10,158,108,
2016-05-11,158,134,
2016-05-12,178,153,
2016-05-13,147,148,
2016-05-14,181,142,
2016-05-15,107,108,
2016-05-16,177,159,
2016-05-17,144,147,
2016-05-18,180,146,
2016-05-19,204,185,
2016-05-20,158,166,
2016-05-21,165,169,
2016-05-22,96,108,
2016-05-23,167,133,
2016-05-24,129,134,
2016-05-25,178,158,
2016-05-26,190,174,
2016-05-27,159,162,
2016-05-28,156,101,
2016-05-29,93,106,
2016-05-30,156,123,
2016-05-31,143,141,
2016-06-01,137,135,
2016-06-02,159,164,
2016-06-03,140,173,
2016-06-04,124,117,
2016-06-05,106,88,
2016-06-06,164,160,
2016-06-07,150,131,
2016-06-08,139,143,
2016-06-09,164,152,
2016-06-10,143,140,
2016-06-11,117,152,
2016-06-12,113,88,
2016-06-13,139,135,
2016-06-14,141,149,
2016-06-15,173,156,
2016-06-16,235,189,
2016-06-17,154,131,
2016-06-18,147,152,
2016-06-19,101,82,
2016-06-20,153,142,
2016-06-21,132,136,
2016-06-22,170,142,
2016-06-23,192,182,
2016-06-24,165,142,
2016-06-25,136,135,
2016-06-26,82,92,
2016-06-27,167,139,
2016-06-28,157,114,
2016-06-29,157,152,
2016-06-30,170,164,
2016-07-01,179,153,
2016-07-02,140,118,
2016-07-03,95,81,
2016-07-04,119,107,
2016-07-05,115,97,
2016-07-06,200,175,
2016-07-07,135,141,
2016-07-08,163,149,
2016-07-09,148,130,
2016-07-10,129,122,
2016-07-11,176,181,
2016-07-12,145,130,
2016-07-13,157,158,
2016-07-14,189,168,
2016-07-15,169,200,
2016-07-16,142,145,
2016-07-17,106,96,
2016-07-18,148,136,
2016-07-19,147,142,
2016-07-20,151,142,
2016-07-21,198,181,
2016-07-22,169,143,
2016-07-23,135,144,
2016-07-24,100,97,
2016-07-25,156,148,
2016-07-26,142,143,
2016-07-27,147,132,
2016-07-28,165,144,
2016-07-29,132,147,
2016-07-30,132,148,
2016-07-31,96,103,
2016-08-01,141,159,
2016-08-02,108,122,
2016-08-03,129,124,
2016-08-04,184,181,
2016-08-05,191,202,
2016-08-06,157,135,
2016-08-07,120,104,
2016-08-08,172,176,
2016-08-09,167,125,
2016-08-10,195,186,
2016-08-11,156,134,
2016-08-12,170,153,
2016-08-13,139,134,
2016-08-14,117,90,
2016-08-15,123,122,
2016-08-16,151,132,
2016-08-17,223,197,
2016-08-18,175,162,
2016-08-19,167,144,
2016-08-20,139,119,
2016-08-21,119,110,
2016-08-22,195,191,
2016-08-23,148,138,
2016-08-24,201,154,
2016-08-25,152,129,
2016-08-26,154,129,
2016-08-27,158,113,
2016-08-28,124,130,
2016-08-29,208,182,
2016-08-30,147,151,
2016-08-31,132,155,
2016-09-01,145,120,
2016-09-02,146,125,
2016-09-03,149,132,
2016-09-04,120,123,
2016-09-05,169,141,
2016-09-06,158,142,
2016-09-07,193,175,
2016-09-08,187,205,
2016-09-09,164,141,
2016-09-10,149,148,
2016-09-11,123,113,
2016-09-12,191,186,
2016-09-13,144,134,
2016-09-14,222,191,
2016-09-15,179,166,
2016-09-16,156,146,
2016-09-17,151,130,
2016-09-18,103,108,
2016-09-19,182,192,
2016-09-20,166,154,
2016-09-21,200,171,
2016-09-22,162,165,
2016-09-23,181,175,
2016-09-24,154,130,
2016-09-25,149,116,
2016-09-26,178,195,
2016-09-27,173,156,
2016-09-28,205,205,
2016-09-29,159,167,
2016-09-30,141,113,
2016-10-01,151,145,
2016-10-02,127,120,
2016-10-03,209,194,
2016-10-04,188,173,
2016-10-05,236,225,
2016-10-06,193,213,
2016-10-07,174,181,
2016-10-08,154,146,
2016-10-09,130,103,
2016-10-10,164,147,
2016-10-11,193,189,
2016-10-12,187,181,
2016-10-13,164,182,
2016-10-14,217,220,
2016-10-15,195,172,
2016-10-16,128,115,
2016-10-17,205,211,
2016-10-18,151,170,
2016-10-19,194,196,
2016-10-20,181,205,
2016-10-21,202,201,
2016-10-22,155,175,
2016-10-23,120,128,
2016-10-24,163,152,
2016-10-25,213,194,
2016-10-26,207,190,
2016-10-27,193,191,
2016-10-28,166,203,
2016-10-29,118,101,
2016-10-30,101,74,
2016-10-31,138,146,
2016-11-01,199,169,
2016-11-02,242,223,
2016-11-03,176,167,
2016-11-04,164,178,
2016-11-05,177,169,
2016-11-06,140,123,
2016-11-07,221,192,
2016-11-08,197,169,
2016-11-09,169,173,
2016-11-10,210,178,
2016-11-11,188,193,
2016-11-12,152,154,
2016-11-13,119,113,
2016-11-14,197,196,
2016-11-15,158,138,
2016-11-16,179,177,
2016-11-17,186,167,
2016-11-18,205,206,
2016-11-19,162,148,
2016-11-20,105,104,
2016-11-21,151,149,
2016-11-22,178,151,
2016-11-23,176,201,
2016-11-24,172,165,
2016-11-25,190,179,
2016-11-26,148,157,
2016-11-27,135,130,
2016-11-28,169,152,
2016-11-29,107,133,
2016-11-30,132,137,
2016-12-01,200,160,
2016-12-02,166,167,
2016-12-03,158,158,
2016-12-04,145,141,
2016-12-05,195,218,
2016-12-06,135,132,
2016-12-07,135,154,
2016-12-08,190,165,
2016-12-09,188,183,
2016-12-10,155,133,
2016-12-11,132,92,
2016-12-12,93,159,
2016-12-13,132,97,
2016-12-14,172,183,
2016-12-15,162,173,
2016-12-16,148,176,
2016-12-17,142,115,
2016-12-18,97,104,
2016-12-19,158,169,
2016-12-20,149,149,
2016-12-21,156,125,
2016-12-22,166,138,
2016-12-23,151,147,
2016-12-24,148,127,
2016-12-25,96,92,
2016-12-26,154,162,
2016-12-27,107,136,
2016-12-28,113,89,
2016-12-29,111,108,
2016-12-30,122,108,
2016-12-31,128,113,
2017-01-01,109,139,
2017-01-02,151,121,
2017-01-03,109,121,
2017-01-04,138,165,
2017-01-05,156,138,
2017-01-06,143,103,
2017-01-07,111,122,
2017-01-08,85,77,
2017-01-09,134,124,
2017-01-10,116,93,
2017-01-11,103,142,
2017-01-12,166,143,
2017-01-13,99,103,
2017-01-14,72,59,
2017-01-15,75,68,
2017-01-16,107,77,
2017-01-17,124,119,
2017-01-18,127,128,
2017-01-19,134,106,
2017-01-20,117,113,
2017-01-21,104,85,
2017-01-22,76,62,
2017-01-23,126,136,
2017-01-24,99,90,
2017-01-25,129,96,
2017-01-26,72,82,
2017-01-27,93,92,
2017-01-28,86,86,
2017-01-29,71,66,
2017-01-30,113,94,
2017-01-31,83,86,
2017-02-01,127,116,
2017-02-02,130,140,
2017-02-03,94,107,
2017-02-04,92,77,
2017-02-05,61,71,
2017-02-06,114,112,
2017-02-07,88,95,
2017-02-08,95,113,
2017-02-09,133,131,
2017-02-10,105,109,
2017-02-11,77,90,
2017-02-12,79,71,
2017-02-13,116,128,
2017-02-14,113,112,
2017-02-15,108,112,
2017-02-16,121,108,
2017-02-17,115,128,
2017-02-18,111,102,
2017-02-19,84,74,
2017-02-20,105,83,
2017-02-21,86,80,
2017-02-22,136,114,
2017-02-23,153,152,
2017-02-24,116,139,
2017-02-25,109,91,
2017-02-26,66,51,
2017-02-27,103,94,
2017-02-28,105,101,
2017-03-01,138,121,
2017-03-02,143,148,
2017-03-03,125,147,
2017-03-04,99,118,
2017-03-05,81,72,
2017-03-06,153,114,
2017-03-07,114,104,
2017-03-08,150,144,
2017-03-09,169,164,
2017-03-10,114,108,
2017-03-11,139,147,
2017-03-12,93,86,
2017-03-13,137,141,
2017-03-14,140,141,
2017-03-15,136,129,
2017-03-16,194,173,
2017-03-17,145,146,
2017-03-18,137,111,
2017-03-19,77,74,
2017-03-20,156,96,
2017-03-21,105,96,
2017-03-22,142,135,
2017-03-23,192,153,
2017-03-24,153,138,
2017-03-25,119,123,
2017-03-26,77,93,
2017-03-27,130,136,
2017-03-28,107,111,
2017-03-29,134,135,
2017-03-30,176,173,
2017-03-31,128,146,
2017-04-01,123,119,
2017-04-02,96,95,
2017-04-03,161,140,
2017-04-04,130,110,
2017-04-05,178,150,
2017-04-06,141,117,
2017-04-07,146,144,
2017-04-08,145,95,
2017-04-09,126,132,
2017-04-10,167,159,
2017-04-11,127,108,
2017-04-12,177,168,
2017-04-13,179,145,
2017-04-14,109,117,
2017-04-15,110,115,
2017-04-16,81,77,
2017-04-17,116,102,
2017-04-18,112,98,
2017-04-19,101,111,
2017-04-20,135,135,
2017-04-21,136,118,
2017-04-22,124,124,
2017-04-23,88,90,
2017-04-24,171,154,
2017-04-25,131,101,
2017-04-26,98,99,
2017-04-27,127,121,
2017-04-28,166,134,
2017-04-29,132,121,
2017-04-30,98,96,
2017-05-01,141,129,
2017-05-02,137,123,
2017-05-03,149,140,
2017-05-04,151,146,
2017-05-05,131,168,
2017-05-06,147,118,
2017-05-07,104,94,
2017-05-08,154,140,
2017-05-09,117,123,
2017-05-10,190,171,
2017-05-11,144,108,
2017-05-12,154,143,
2017-05-13,131,106,
2017-05-14,103,114,
2017-05-15,158,164,
2017-05-16,129,140,
2017-05-17,226,232,
2017-05-18,193,168,
2017-05-19,150,159,
2017-05-20,125,136,
2017-05-21,120,117,
2017-05-22,189,160,
2017-05-23,127,142,
2017-05-24,159,153,
2017-05-25,126,129,
2017-05-26,152,127,
2017-05-27,131,152,
2017-05-28,101,85,
2017-05-29,185,171,
2017-05-30,132,112,
2017-05-31,162,149,
2017-06-01,203,18,
2017-06-02,164,155,
2017-06-03,164,156,
2017-06-04,134,105,
2017-06-05,171,167,
2017-06-06,182,160,
2017-06-07,171,180,
2017-06-08,174,188,
2017-06-09,172,164,
2017-06-10,137,170,
2017-06-11,93,98,
2017-06-12,159,149,
2017-06-13,177,177,
2017-06-14,198,212,
2017-06-15,135,146,
2017-06-16,166,178,
2017-06-17,134,132,
2017-06-18,102,106,
2017-06-19,179,195,
2017-06-20,166,146,
2017-06-21,165,165,
2017-06-22,161,155,
2017-06-23,122,131,
2017-06-24,148,123,
2017-06-25,127,103,
2017-06-26,140,151,
2017-06-27,124,143,
2017-06-28,182,182,
2017-06-29,145,153,
2017-06-30,160,150,
2017-07-01,134,114,
2017-07-02,104,85,
2017-07-03,192,150,
2017-07-04,133,152,
2017-07-05,189,157,
2017-07-06,171,166,
2017-07-07,187,139,
2017-07-08,126,120,
2017-07-09,104,108,
2017-07-10,150,160,
2017-07-11,136,145,
2017-07-12,175,180,
2017-07-13,146,132,
2017-07-14,168,162,
2017-07-15,171,150,
2017-07-16,119,102,
2017-07-17,126,133,
2017-07-18,128,120,
2017-07-19,172,180,
2017-07-20,140,146,
2017-07-21,187,175,
2017-07-22,133,101,
2017-07-23,99,81,
2017-07-24,126,133,
2017-07-25,155,144,
2017-07-26,169,165,
2017-07-27,185,155,
2017-07-28,167,178,
2017-07-29,146,120,
2017-07-30,91,84,
2017-07-31,142,129,
2017-08-01,162,117,
2017-08-02,180,196,
2017-08-03,153,145,
2017-08-04,139,136,
2017-08-05,173,140,
2017-08-06,118,106,
2017-08-07,183,148,
2017-08-08,132,125,
2017-08-09,108,173,
2017-08-10,181,149,
2017-08-11,203,175,
2017-08-12,170,150,
2017-08-13,106,110,
2017-08-14,150,142,
2017-08-15,126,98,
2017-08-16,136,134,
2017-08-17,174,181,
2017-08-18,163,189,
2017-08-19,187,187,
2017-08-20,120,123,
2017-08-21,104,98,
2017-08-22,149,119,
2017-08-23,222,200,
2017-08-24,185,176,
2017-08-25,144,136,
2017-08-26,122,134,
2017-08-27,145,154,
2017-08-28,182,155,
2017-08-29,156,132,
2017-08-30,165,142,
2017-08-31,170,156,
2017-09-01,172,176,
2017-09-02,139,125,
2017-09-03,154,122,
2017-09-04,207,202,
2017-09-05,141,150,
2017-09-06,177,193,
2017-09-07,170,141,
2017-09-08,173,174,
2017-09-09,185,159,
2017-09-10,140,146,
2017-09-11,178,187,
2017-09-12,157,154,
2017-09-13,173,147,
2017-09-14,160,156,
2017-09-15,228,246,
2017-09-16,202,169,
2017-09-17,122,105,
2017-09-18,169,151,
2017-09-19,135,131,
2017-09-20,153,144,
2017-09-21,198,201,
2017-09-22,206,193,
2017-09-23,201,176,
2017-09-24,114,118,
2017-09-25,205,216,
2017-09-26,174,163,
2017-09-27,179,152,
2017-09-28,175,144,
2017-09-29,151,128,
2017-09-30,168,153,
2017-10-01,128,110,
2017-10-02,160,135,
2017-10-03,180,156,
2017-10-04,200,175,
2017-10-05,222,236,
2017-10-06,171,173,
2017-10-07,168,155,
2017-10-08,151,115,
2017-10-09,173,161,
2017-10-10,175,145,
2017-10-11,230,230,
2017-10-12,199,183,
2017-10-13,162,157,
2017-10-14,158,149,
2017-10-15,143,105,
2017-10-16,195,191,
2017-10-17,175,149,
2017-10-18,115,103,
2017-10-19,109,114,
2017-10-20,167,165,
2017-10-21,220,186,
2017-10-22,137,129,
2017-10-23,166,218,
2017-10-24,197,171,
2017-10-25,154,170,
2017-10-26,185,201,
2017-10-27,221,208,
2017-10-28,153,155,
2017-10-29,133,119,
2017-10-30,199,169,
2017-10-31,153,161,
2017-11-01,201,180,
2017-11-02,193,188,
2017-11-03,197,172,
2017-11-04,159,173,
2017-11-05,133,114,
2017-11-06,177,166,
2017-11-07,160,174,
2017-11-08,177,136,
2017-11-09,242,225,
2017-11-10,192,166,
2017-11-11,161,138,
2017-11-12,126,115,
2017-11-13,170,180,
2017-11-14,179,178,
2017-11-15,177,162,
2017-11-16,183,181,
2017-11-17,203,195,
2017-11-18,139,124,
2017-11-19,103,117,
2017-11-20,162,184,
2017-11-21,149,175,
2017-11-22,188,156,
2017-11-23,217,227,
2017-11-24,183,179,
2017-11-25,168,158,
2017-11-26,104,104,
2017-11-27,138,136,
2017-11-28,145,141,
2017-11-29,181,173,
2017-11-30,187,177,
2017-12-01,180,169,
2017-12-02,136,125,
2017-12-03,98,118,
2017-12-04,173,156,
2017-12-05,158,144,
2017-12-06,155,204,
2017-12-07,171,161,
2017-12-08,143,139,
2017-12-09,166,135,
2017-12-10,87,113,
2017-12-11,145,165,
2017-12-12,142,144,
2017-12-13,161,151,
2017-12-14,195,199,
2017-12-15,158,131,
2017-12-16,137,133,
2017-12-17,74,76,
2017-12-18,137,96,
2017-12-19,125,126,
2017-12-20,174,179,
2017-12-21,163,140,
2017-12-22,158,145,
2017-12-23,131,135,
2017-12-24,107,68,
2017-12-25,131,127,
2017-12-26,96,124,
2017-12-27,126,122,
2017-12-28,156,144,
2017-12-29,137,114,
2017-12-30,111,93,
2017-12-31,95,77,
2018-01-01,148,128,
2018-01-02,112,96,
2018-01-03,144,147,
2018-01-04,146,132,
2018-01-05,119,149,
2018-01-06,126,126,
2018-01-07,76,88,
2018-01-08,125,129,
2018-01-09,96,115,
2018-01-10,124,102,
2018-01-11,143,162,
2018-01-12,144,143,
2018-01-13,119,117,
2018-01-14,76,71,
2018-01-15,94,79,
2018-01-16,73,69,
2018-01-17,111,96,
2018-01-18,132,144,
2018-01-19,154,148,
2018-01-20,114,122,
2018-01-21,69,68,
2018-01-22,130,127,
2018-01-23,98,109,
2018-01-24,103,110,
2018-01-25,105,116,
2018-01-26,110,97,
2018-01-27,96,113,
2018-01-28,89,65,
2018-01-29,121,123,
2018-01-30,106,93,
2018-01-31,105,95,
2018-02-01,96,93,
2018-02-02,113,126,
2018-02-03,100,92,
2018-02-04,81,80,
2018-02-05,140,106,
2018-02-06,96,108,
2018-02-07,151,150,
2018-02-08,113,116,
2018-02-09,122,127,
2018-02-10,130,95,
2018-02-11,68,89,
2018-02-12,124,132,
2018-02-13,84,113,
2018-02-14,144,123,
2018-02-15,117,92,
2018-02-16,106,88,
2018-02-17,102,119,
2018-02-18,78,72,
2018-02-19,144,150,
2018-02-20,110,111,
2018-02-21,131,122,
2018-02-22,121,106,
2018-02-23,102,78,
2018-02-24,95,108,
2018-02-25,83,79,
2018-02-26,158,141,
2018-02-27,102,105,
2018-02-28,104,89,
2018-03-01,173,146,
2018-03-02,138,123,
2018-03-03,118,126,
2018-03-04,95,88,
2018-03-05,145,141,
2018-03-06,115,124,
2018-03-07,149,136,
2018-03-08,156,157,
2018-03-09,132,115,
2018-03-10,105,98,
2018-03-11,82,113,
2018-03-12,147,131,
2018-03-13,127,97,
2018-03-14,166,141,
2018-03-15,186,154,
2018-03-16,136,114,
2018-03-17,111,98,
2018-03-18,91,83,
2018-03-19,173,154,
2018-03-20,130,142,
2018-03-21,144,134,
2018-03-22,145,129,
2018-03-23,142,140,
2018-03-24,127,118,
2018-03-25,97,73,
2018-03-26,173,152,
2018-03-27,143,130,
2018-03-28,150,140,
2018-03-29,136,154,
2018-03-30,106,134,
2018-03-31,105,121,
2018-04-01,109,84,
2018-04-02,129,128,
2018-04-03,134,124,
2018-04-04,149,140,
2018-04-05,161,149,
2018-04-06,114,151,
2018-04-07,109,119,
2018-04-08,59,71,
2018-04-09,136,121,
2018-04-10,160,151,
2018-04-11,151,157,
2018-04-12,157,172,
2018-04-13,141,162,
2018-04-14,108,88,
2018-04-15,81,76,
2018-04-16,94,87,
2018-04-17,129,120,
2018-04-18,158,130,
2018-04-19,109,120,
2018-04-20,153,130,
2018-04-21,125,100,
2018-04-22,92,86,
2018-04-23,132,123,
2018-04-24,117,107,
2018-04-25,175,156,
2018-04-26,144,117,
2018-04-27,143,140,
2018-04-28,123,96,
2018-04-29,79,91,
2018-04-30,137,146,
2018-05-01,111,101,
2018-05-02,169,155,
2018-05-03,135,138,
2018-05-04,120,134,
2018-05-05,115,122,
2018-05-06,94,95,
2018-05-07,142,158,
2018-05-08,115,114,
2018-05-09,146,134,
2018-05-10,154,128,
2018-05-11,165,129,
2018-05-12,126,128,
2018-05-13,89,113,
2018-05-14,127,131,
2018-05-15,124,129,
2018-05-16,146,134,
2018-05-17,161,163,
2018-05-18,178,201,
2018-05-19,164,141,
2018-05-20,131,109,
2018-05-21,143,138,
2018-05-22,161,130,
2018-05-23,147,156,
2018-05-24,174,162,
2018-05-25,182,162,
2018-05-26,110,119,
2018-05-27,123,115,
2018-05-28,145,146,
2018-05-29,186,163,
2018-05-30,140,117,
2018-05-31,150,130,
2018-06-01,156,142,
2018-06-02,127,149,
2018-06-03,123,105,
2018-06-04,188,198,
2018-06-05,154,151,
2018-06-06,156,151,
2018-06-07,126,132,
2018-06-08,169,169,
2018-06-09,140,138,
2018-06-10,97,83,
2018-06-11,186,200,
2018-06-12,146,141,
2018-06-13,125,106,
2018-06-14,140,141,
2018-06-15,139,156,
2018-06-16,143,129,
2018-06-17,95,104,
2018-06-18,162,163,
2018-06-19,161,162,
2018-06-20,162,141,
2018-06-21,144,132,
2018-06-22,168,151,
2018-06-23,152,139,
2018-06-24,93,100,
2018-06-25,194,186,
2018-06-26,134,124,
2018-06-27,152,143,
2018-06-28,116,147,
2018-06-29,150,147,
2018-06-30,139,121,
2018-07-01,113,96,
2018-07-02,152,155,
2018-07-03,117,127,
2018-07-04,155,120,
2018-07-05,229,175,
2018-07-06,137,116,
2018-07-07,123,145,
2018-07-08,114,108,
2018-07-09,176,133,
2018-07-10,150,116,
2018-07-11,171,176,
2018-07-12,127,119,
2018-07-13,128,129,
2018-07-14,146,148,
2018-07-15,117,95,
2018-07-16,202,167,
2018-07-17,152,125,
2018-07-18,166,145,
2018-07-19,187,166,
2018-07-20,155,144,
2018-07-21,133,132,
2018-07-22,97,88,
2018-07-23,204,180,
2018-07-24,138,136,
2018-07-25,135,144,
2018-07-26,161,173,
2018-07-27,134,134,
2018-07-28,138,122,
2018-07-29,109,102,
2018-07-30,156,148,
2018-07-31,106,119,
2018-08-01,151,161,
2018-08-02,160,172,
2018-08-03,182,174,
2018-08-04,146,136,
2018-08-05,96,96,
2018-08-06,158,143,
2018-08-07,147,149,
2018-08-08,145,150,
2018-08-09,184,188,
2018-08-10,170,147,
2018-08-11,136,111,
2018-08-12,102,90,
2018-08-13,190,153,
2018-08-14,168,149,
2018-08-15,150,136,
2018-08-16,184,130,
2018-08-17,223,184,
2018-08-18,157,152,
2018-08-19,123,134,
2018-08-20,164,178,
2018-08-21,127,130,
2018-08-22,143,145,
2018-08-23,194,149,
2018-08-24,176,170,
2018-08-25,150,167,
2018-08-26,112,114,
2018-08-27,157,150,
2018-08-28,130,149,
2018-08-29,146,159,
2018-08-30,164,171,
2018-08-31,172,193,
2018-09-01,136,175,
2018-09-02,107,109,
2018-09-03,162,144,
2018-09-04,155,132,
2018-09-05,188,198,
2018-09-06,209,206,
2018-09-07,150,163,
2018-09-08,133,122,
2018-09-09,99,85,
2018-09-10,153,135,
2018-09-11,155,155,
2018-09-12,204,190,
2018-09-13,163,147,
2018-09-14,184,182,
2018-09-15,197,174,
2018-09-16,107,115,
2018-09-17,155,157,
2018-09-18,176,111,
2018-09-19,192,173,
2018-09-20,230,191,
2018-09-21,161,155,
2018-09-22,163,146,
2018-09-23,117,33,
2018-09-24,180,155,
2018-09-25,166,166,
2018-09-26,180,154,
2018-09-27,175,199,
2018-09-28,192,183,
2018-09-29,143,155,
2018-09-30,118,120,
2018-10-01,204,178,
2018-10-02,154,128,
2018-10-03,186,183,
2018-10-04,215,229,
2018-10-05,178,181,
2018-10-06,162,175,
2018-10-07,111,119,
2018-10-08,137,116,
2018-10-09,140,143,
2018-10-10,194,217,
2018-10-11,217,207,
2018-10-12,185,195,
2018-10-13,159,181,
2018-10-14,115,139,
2018-10-15,186,152,
2018-10-16,181,159,
2018-10-17,189,190,
2018-10-18,183,156,
2018-10-19,183,181,
2018-10-20,178,154,
2018-10-21,121,121,
2018-10-22,199,176,
2018-10-23,178,173,
2018-10-24,213,226,
2018-10-25,187,178,
2018-10-26,179,163,
2018-10-27,161,142,
2018-10-28,128,111,
2018-10-29,194,181,
2018-10-30,175,164,
2018-10-31,162,190,
2018-11-01,154,154,
2018-11-02,198,164,
2018-11-03,192,181,
2018-11-04,147,158,
2018-11-05,203,187,
2018-11-06,113,120,
2018-11-07,135,139,
2018-11-08,166,193,
2018-11-09,242,247,
2018-11-10,182,168,
2018-11-11,116,140,
2018-11-12,199,192,
2018-11-13,156,159,
2018-11-14,235,229,
2018-11-15,180,189,
2018-11-16,174,168,
2018-11-17,175,139,
2018-11-18,128,110,
2018-11-19,213,194,
2018-11-20,158,177,
2018-11-21,184,142,
2018-11-22,183,178,
2018-11-23,175,177,
2018-11-24,154,148,
2018-11-25,105,125,
2018-11-26,158,170,
2018-11-27,187,153,
2018-11-28,205,174,
2018-11-29,205,163,
2018-11-30,174,148,
2018-12-01,142,143,
2018-12-02,149,119,
2018-12-03,169,173,
2018-12-04,188,168,
2018-12-05,169,173,
2018-12-06,144,162,
2018-12-07,143,159,
2018-12-08,147,152,
2018-12-09,113,121,
2018-12-10,170,149,
2018-12-11,145,155,
2018-12-12,210,192,
2018-12-13,178,156,
2018-12-14,162,152,
2018-12-15,149,130,
2018-12-16,94,96,
2018-12-17,170,155,
2018-12-18,140,138,
2018-12-19,167,169,
2018-12-20,171,147,
2018-12-21,139,156,
2018-12-22,152,164,
2018-12-23,120,92,
2018-12-24,134,137,
2018-12-25,114,125,
2018-12-26,158,139,
2018-12-27,180,142,
2018-12-28,143,132,
2018-12-29,109,92,
2018-12-30,81,84,
2018-12-31,111,102,
2019-01-01,130,125,
2019-01-02,123,127,
2019-01-03,185,159,
2019-01-04,100,112,
2019-01-05,110,90,
2019-01-06,102,71,
2019-01-07,157,133,
2019-01-08,126,150,
2019-01-09,145,147,
2019-01-10,138,139,
2019-01-11,139,137,
2019-01-12,106,107,
2019-01-13,106,92,
2019-01-14,95,105,
2019-01-15,78,92,
2019-01-16,112,97,
2019-01-17,89,99,
2019-01-18,119,103,
2019-01-19,123,113,
2019-01-20,107,77,
2019-01-21,144,150,
2019-01-22,114,100,
2019-01-23,158,159,
2019-01-24,126,127,
2019-01-25,134,127,
2019-01-26,98,88,
2019-01-27,81,82,
2019-01-28,110,117,
2019-01-29,93,107,
2019-01-30,164,148,
2019-01-31,105,100,
2019-02-01,108,93,
2019-02-02,106,96,
2019-02-03,70,78,
2019-02-04,105,92,
2019-02-05,94,102,
2019-02-06,142,127,
2019-02-07,117,127,
2019-02-08,121,108,
2019-02-09,124,89,
2019-02-10,94,87,
2019-02-11,163,120,
2019-02-12,115,108,
2019-02-13,105,121,
2019-02-14,115,112,
2019-02-15,137,132,
2019-02-16,94,101,
2019-02-17,87,83,
2019-02-18,131,116,
2019-02-19,122,118,
2019-02-20,128,134,
2019-02-21,134,125,
2019-02-22,124,132,
2019-02-23,105,99,
2019-02-24,90,99,
2019-02-25,139,133,
2019-02-26,122,126,
2019-02-27,109,94,
2019-02-28,107,121,
2019-03-01,124,112,
2019-03-02,126,126,
2019-03-03,116,99,
2019-03-04,171,148,
2019-03-05,134,101,
2019-03-06,94,96,
2019-03-07,108,113,
2019-03-08,152,154,
2019-03-09,145,114,
2019-03-10,106,106,
2019-03-11,142,153,
2019-03-12,139,112,
2019-03-13,142,130,
2019-03-14,115,103,
2019-03-15,155,126,
2019-03-16,139,112,
2019-03-17,106,125,
2019-03-18,129,109,
2019-03-19,144,155,
2019-03-20,173,164,
2019-03-21,179,128,
2019-03-22,158,121,
2019-03-23,136,116,
2019-03-24,117,97,
2019-03-25,167,145,
2019-03-26,134,119,
2019-03-27,166,141,
2019-03-28,98,121,
2019-03-29,131,123,
2019-03-30,134,117,
2019-03-31,111,106,
2019-04-01,129,134,
2019-04-02,146,137,
2019-04-03,178,154,
2019-04-04,123,122,
2019-04-05,127,119,
2019-04-06,144,123,
2019-04-07,109,102,
2019-04-08,147,154,
2019-04-09,114,138,
2019-04-10,188,185,
2019-04-11,152,141,
2019-04-12,153,150,
2019-04-13,132,133,
2019-04-14,104,91,
2019-04-15,126,115,
2019-04-16,33,109,
2019-04-17,169,147,
2019-04-18,134,117,
2019-04-19,107,94,
2019-04-20,112,107,
2019-04-21,83,98,
2019-04-22,171,140,
2019-04-23,127,126,
2019-04-24,141,123,
2019-04-25,143,128,
2019-04-26,139,122,
2019-04-27,147,108,
2019-04-28,113,103,
2019-04-29,147,137,
2019-04-30,134,126,
2019-05-01,149,166,
2019-05-02,162,163,
2019-05-03,132,142,
2019-05-04,122,105,
2019-05-05,94,88,
2019-05-06,176,158,
2019-05-07,133,153,
2019-05-08,158,146,
2019-05-09,165,127,
2019-05-10,166,151,
2019-05-11,136,137,
2019-05-12,108,96,
2019-05-13,163,118,
2019-05-14,143,125,
2019-05-15,211,213,
2019-05-16,190,200,
2019-05-17,212,181,
2019-05-18,159,161,
2019-05-19,122,111,
2019-05-20,152,137,
2019-05-21,156,117,
2019-05-22,199,159,
2019-05-23,183,151,
2019-05-24,166,145,
2019-05-25,140,159,
2019-05-26,116,114,
2019-05-27,162,135,
2019-05-28,143,146,
2019-05-29,204,196,
2019-05-30,167,149,
2019-05-31,142,163,
2019-06-01,164,165,
2019-06-02,130,97,
2019-06-03,123,113,
2019-06-04,148,149,
2019-06-05,168,165,
2019-06-06,207,188,
2019-06-07,173,157,
2019-06-08,140,141,
2019-06-09,107,110,
2019-06-10,162,145,
2019-06-11,153,138,
2019-06-12,180,163,
2019-06-13,203,159,
2019-06-14,211,179,
2019-06-15,153,156,
2019-06-16,116,114,
2019-06-17,158,136,
2019-06-18,148,137,
2019-06-19,146,157,
2019-06-20,241,192,
2019-06-21,139,153,
2019-06-22,145,129,
2019-06-23,100,95,
2019-06-24,172,147,
2019-06-25,164,142,
2019-06-26,164,146,
2019-06-27,174,189,
2019-06-28,165,154,
2019-06-29,143,130,
2019-06-30,116,81,
2019-07-01,178,134,
2019-07-02,109,116,
2019-07-03,144,130,
2019-07-04,189,181,
2019-07-05,152,151,
2019-07-06,167,158,
2019-07-07,137,110,
2019-07-08,145,169,
2019-07-09,139,140,
2019-07-10,135,138,
2019-07-11,224,210,
2019-07-12,187,152,
2019-07-13,145,141,
2019-07-14,103,83,
2019-07-15,158,138,
2019-07-16,124,129,
2019-07-17,156,152,
2019-07-18,154,149,
2019-07-19,157,140,
2019-07-20,136,132,
2019-07-21,94,119,
2019-07-22,139,150,
2019-07-23,134,142,
2019-07-24,154,170,
2019-07-25,158,134,
2019-07-26,126,133,
2019-07-27,148,144,
2019-07-28,115,112,
2019-07-29,180,176,
2019-07-30,141,141,
2019-07-31,124,101,
2019-08-01,137,136,
2019-08-02,162,159,
2019-08-03,197,178,
2019-08-04,127,124,
2019-08-05,161,169,
2019-08-06,158,155,
2019-08-07,174,166,
2019-08-08,159,130,
2019-08-09,203,168,
2019-08-10,146,161,
2019-08-11,93,78,
2019-08-12,126,153,
2019-08-13,147,169,
2019-08-14,183,201,
2019-08-15,175,166,
2019-08-16,148,161,
2019-08-17,143,144,
2019-08-18,119,113,
2019-08-19,185,179,
2019-08-20,160,147,
2019-08-21,184,166,
2019-08-22,160,184,
2019-08-23,153,133,
2019-08-24,133,133,
2019-08-25,140,109,
2019-08-26,170,153,
2019-08-27,146,138,
2019-08-28,209,200,
2019-08-29,160,150,
2019-08-30,141,137,
2019-08-31,133,141,
2019-09-01,120,111,
2019-09-02,129,144,
2019-09-03,165,147,
2019-09-04,189,197,
2019-09-05,188,180,
2019-09-06,154,144,
2019-09-07,158,144,
2019-09-08,110,115,
2019-09-09,213,165,
2019-09-10,167,149,
2019-09-11,199,182,
2019-09-12,203,185,
2019-09-13,165,188,
2019-09-14,159,143,
2019-09-15,133,104,
2019-09-16,215,226,
2019-09-17,172,148,
2019-09-18,189,185,
2019-09-19,156,167,
2019-09-20,187,140,
2019-09-21,192,145,
2019-09-22,99,105,
2019-09-23,184,157,
2019-09-24,195,174,
2019-09-25,178,175,
2019-09-26,191,198,
2019-09-27,189,158,
2019-09-28,136,127,
2019-09-29,113,122,
2019-09-30,179,193,
2019-10-01,212,192,
2019-10-02,195,192,
2019-10-03,184,202,
2019-10-04,194,157,
2019-10-05,167,171,
2019-10-06,129,124,
2019-10-07,157,147,
2019-10-08,168,173,
2019-10-09,208,205,
2019-10-10,193,198,
2019-10-11,215,171,
2019-10-12,180,167,
2019-10-13,131,123,
2019-10-14,207,179,
2019-10-15,163,166,
2019-10-16,188,195,
2019-10-17,174,162,
2019-10-18,191,194,
2019-10-19,179,147,
2019-10-20,130,146,
2019-10-21,188,182,
2019-10-22,173,168,
2019-10-23,179,169,
2019-10-24,227,241,
2019-10-25,212,152,
2019-10-26,139,140,
2019-10-27,124,103,
2019-10-28,145,119,
2019-10-29,140,165,
2019-10-30,215,209,
2019-10-31,194,148,
2019-11-01,168,183,
2019-11-02,183,151,
2019-11-03,159,142,
2019-11-04,180,159,
2019-11-05,198,171,
2019-11-06,170,186,
2019-11-07,231,202,
2019-11-08,192,190,
2019-11-09,160,163,
2019-11-10,158,124,
2019-11-11,194,189,
2019-11-12,164,194,
2019-11-13,163,186,
2019-11-14,163,156,
2019-11-15,210,213,
2019-11-16,158,157,
2019-11-17,125,132,
2019-11-18,182,204,
2019-11-19,135,140,
2019-11-20,174,172,
2019-11-21,175,186,
2019-11-22,167,187,
2019-11-23,135,143,
2019-11-24,118,116,
2019-11-25,159,175,
2019-11-26,152,119,
2019-11-27,137,151,
2019-11-28,166,173,
2019-11-29,154,149,
2019-11-30,130,144,
2019-12-01,132,108,
2019-12-02,173,178,
2019-12-03,134,157,
2019-12-04,161,148,
2019-12-05,160,158,
2019-12-06,176,188,
2019-12-07,142,153,
2019-12-08,114,100,
2019-12-09,175,170,
2019-12-10,134,146,
2019-12-11,168,159,
2019-12-12,180,152,
2019-12-13,146,159,
2019-12-14,134,143,
2019-12-15,121,96,
2019-12-16,150,145,
2019-12-17,168,158,
2019-12-18,164,173,
2019-12-19,143,147,
2019-12-20,149,140,
2019-12-21,151,142,
2019-12-22,145,96,
2019-12-23,159,160,
2019-12-24,158,141,
2019-12-25,113,84,
2019-12-26,85,86,
2019-12-27,125,124,
2019-12-28,138,128,
2019-12-29,104,91,
2019-12-30,137,134,
2019-12-31,127,114,
2020-01-01,158,138,
2020-01-02,158,143,
2020-01-03,128,115,
2020-01-04,137,132,
2020-01-05,121,107,
2020-01-06,169,130,
2020-01-07,136,141,
2020-01-08,143,135,
2020-01-09,126,136,
2020-01-10,160,161,
2020-01-11,106,147,
2020-01-12,85,94,
2020-01-13,124,119,
2020-01-14,114,99,
2020-01-15,98,89,
2020-01-16,106,90,
2020-01-17,90,106,
2020-01-18,104,130,
2020-01-19,90,80,
2020-01-20,165,177,
2020-01-21,122,132,
2020-01-22,140,122,
2020-01-23,140,110,
2020-01-24,97,98,
2020-01-25,108,121,
2020-01-26,91,81,
2020-01-27,141,144,
2020-01-28,87,104,
2020-01-29,108,128,
2020-01-30,143,127,
2020-01-31,92,117,
2020-02-01,106,104,
2020-02-02,82,76,
2020-02-03,94,106,
2020-02-04,108,79,
2020-02-05,145,137,
2020-02-06,110,111,
2020-02-07,141,130,
2020-02-08,114,97,
2020-02-09,85,61,
2020-02-10,132,107,
2020-02-11,96,82,
2020-02-12,150,132,
2020-02-13,114,100,
2020-02-14,129,129,
2020-02-15,119,107,
2020-02-16,67,61,
2020-02-17,113,84,
2020-02-18,94,93,
2020-02-19,111,111,
2020-02-20,144,148,
2020-02-21,129,128,
2020-02-22,95,96,
2020-02-23,72,80,
2020-02-24,111,81,
2020-02-25,107,103,
2020-02-26,155,154,
2020-02-27,150,114,
2020-02-28,123,132,
2020-02-29,64,83,
2020-03-01,83,69,
2020-03-02,123,107,
2020-03-03,110,114,
2020-03-04,138,122,
2020-03-05,137,149,
2020-03-06,135,110,
2020-03-07,118,103,
2020-03-08,89,73,
2020-03-09,129,132,
2020-03-10,105,93,
2020-03-11,130,116,
2020-03-12,134,122,
2020-03-13,134,104,
2020-03-14,100,105,
2020-03-15,75,70,
2020-03-16,108,100,
2020-03-17,98,87,
2020-03-18,122,133,
2020-03-19,123,122,
2020-03-20,141,125,
2020-03-21,138,138,
2020-03-22,73,72,
2020-03-23,96,115,
2020-03-24,86,79,
2020-03-25,106,96,
2020-03-26,160,142,
2020-03-27,130,128,
2020-03-28,102,112,
2020-03-29,78,72,
2020-03-30,141,122,
2020-03-31,107,105,
2020-04-01,90,88,
2020-04-02,126,115,
2020-04-03,116,126,
2020-04-04,118,111,
2020-04-05,97,87,
2020-04-06,143,170,
2020-04-07,110,122,
2020-04-08,121,113,
2020-04-09,148,150,
2020-04-10,132,125,
2020-04-11,134,115,
2020-04-12,86,79,
2020-04-13,131,104,
2020-04-14,111,96,
2020-04-15,121,113,
2020-04-16,144,127,
2020-04-17,138,139,
2020-04-18,122,100,
2020-04-19,85,78,
2020-04-20,137,140,
2020-04-21,118,102,
2020-04-22,93,96,
2020-04-23,85,98,
2020-04-24,143,142,
2020-04-25,132,120,
2020-04-26,105,105,
2020-04-27,157,0,
2020-04-28,121,107,
2020-04-29,128,135,
2020-04-30,130,125,
2020-05-01,101,110,
2020-05-02,125,124,
2020-05-03,115,108,
2020-05-04,147,135,
2020-05-05,120,131,
2020-05-06,160,125,
2020-05-07,168,161,
2020-05-08,131,134,
2020-05-09,135,127,
2020-05-10,111,90,
2020-05-11,122,131,
2020-05-12,142,125,
2020-05-13,161,160,
2020-05-14,165,162,
2020-05-15,157,136,
2020-05-16,136,131,
2020-05-17,91,81,
2020-05-18,188,152,
2020-05-19,120,125,
2020-05-20,141,152,
2020-05-21,143,141,
2020-05-22,87,104,
2020-05-23,131,110,
2020-05-24,120,104,
2020-05-25,148,156,
2020-05-26,163,134,
2020-05-27,219,165,
2020-05-28,154,119,
2020-05-29,116,151,
2020-05-30,124,100,
2020-05-31,94,79,
2020-06-01,175,150,
2020-06-02,109,120,
2020-06-03,180,177,
2020-06-04,167,155,
2020-06-05,150,157,
2020-06-06,122,126,
2020-06-07,91,94,
2020-06-08,132,116,
2020-06-09,119,147,
2020-06-10,162,169,
2020-06-11,142,140,
2020-06-12,146,122,
2020-06-13,113,101,
2020-06-14,98,86,
2020-06-15,144,121,
2020-06-16,125,146,
2020-06-17,161,161,
2020-06-18,157,126,
2020-06-19,137,129,
2020-06-20,101,102,
2020-06-21,94,62,
2020-06-22,129,132,
2020-06-23,112,91,
2020-06-24,164,150,
2020-06-25,126,118,
2020-06-26,120,127,
2020-06-27,98,117,
2020-06-28,80,88,
2020-06-29,114,95,
2020-06-30,116,102,
2020-07-01,150,151,
2020-07-02,161,137,
2020-07-03,123,114,
2020-07-04,105,97,
2020-07-05,95,95,
2020-07-06,137,118,
2020-07-07,120,133,
2020-07-08,131,119,
2020-07-09,116,129,
2020-07-10,144,153,
2020-07-11,109,108,
2020-07-12,107,102,
2020-07-13,100,110,
2020-07-14,109,114,
2020-07-15,155,177,
2020-07-16,123,118,
2020-07-17,104,105,
2020-07-18,123,115,
2020-07-19,70,68,
2020-07-20,88,73,
2020-07-21,97,96,
2020-07-22,139,128,
2020-07-23,165,165,
2020-07-24,144,149,
2020-07-25,92,114,
2020-07-26,91,74,
2020-07-27,128,109,
2020-07-28,138,101,
2020-07-29,142,146,
2020-07-30,138,126,
2020-07-31,126,115,
2020-08-01,124,112,
2020-08-02,100,77,
2020-08-03,158,127,
2020-08-04,119,113,
2020-08-05,134,139,
2020-08-06,126,127,
2020-08-07,139,141,
2020-08-08,129,108,
2020-08-09,103,99,
2020-08-10,152,153,
2020-08-11,143,96,
2020-08-12,128,106,
2020-08-13,120,124,
2020-08-14,164,131,
2020-08-15,129,104,
2020-08-16,83,85,
2020-08-17,138,145,
2020-08-18,113,99,
2020-08-19,128,118,
2020-08-20,144,158,
2020-08-21,156,174,
2020-08-22,118,126,
2020-08-23,88,85,
2020-08-24,186,148,
2020-08-25,131,110,
2020-08-26,139,132,
2020-08-27,139,112,
2020-08-28,135,124,
2020-08-29,127,118,
2020-08-30,80,98,
2020-08-31,146,131,
2020-09-01,128,131,
2020-09-02,143,138,
2020-09-03,140,136,
2020-09-04,174,168,
2020-09-05,134,134,
2020-09-06,96,100,
2020-09-07,162,169,
2020-09-08,135,140,
2020-09-09,169,158,
2020-09-10,141,109,
2020-09-11,139,137,
2020-09-12,136,137,
2020-09-13,114,110,
2020-09-14,177,157,
2020-09-15,146,118,
2020-09-16,195,170,
2020-09-17,116,100,
2020-09-18,156,153,
2020-09-19,160,172,
2020-09-20,133,118,
2020-09-21,167,169,
2020-09-22,181,170,
2020-09-23,174,159,
2020-09-24,142,134,
2020-09-25,176,147,
2020-09-26,152,155,
2020-09-27,102,126,
2020-09-28,168,166,
2020-09-29,135,131,
2020-09-30,170,158,
2020-10-01,189,183,
2020-10-02,146,155,
2020-10-03,171,130,
2020-10-04,94,115,
2020-10-05,187,157,
2020-10-06,139,132,
2020-10-07,190,172,
2020-10-08,172,179,
2020-10-09,186,152,
2020-10-10,129,151,
2020-10-11,116,102,
2020-10-12,168,168,
2020-10-13,173,151,
2020-10-14,191,179,
2020-10-15,179,144,
2020-10-16,118,123,
2020-10-17,130,135,
2020-10-18,141,138,
2020-10-19,200,160,
2020-10-20,168,164,
2020-10-21,149,33,
2020-10-22,178,146,
2020-10-23,161,175,
2020-10-24,152,123,
2020-10-25,122,112,
2020-10-26,152,177,
2020-10-27,180,128,
2020-10-28,193,172,
2020-10-29,180,157,
2020-10-30,165,157,
2020-10-31,155,158,
2020-11-01,127,102,
2020-11-02,142,144,
2020-11-03,139,160,
2020-11-04,199,201,
2020-11-05,180,153,
2020-11-06,191,179,
2020-11-07,154,153,
2020-11-08,127,100,
2020-11-09,169,173,
2020-11-10,155,162,
2020-11-11,204,185,
2020-11-12,180,168,
2020-11-13,139,128,
2020-11-14,107,106,
2020-11-15,100,92,
2020-11-16,159,154,
2020-11-17,170,149,
2020-11-18,194,192,
2020-11-19,195,195,
2020-11-20,193,204,
2020-11-21,175,164,
2020-11-22,88,105,
2020-11-23,174,141,
2020-11-24,151,154,
2020-11-25,133,151,
2020-11-26,152,138,
2020-11-27,164,171,
2020-11-28,147,159,
2020-11-29,120,110,
2020-11-30,154,131,
2020-12-01,139,147,
2020-12-02,162,179,
2020-12-03,171,142,
2020-12-04,149,173,
2020-12-05,125,114,
2020-12-06,95,99,
2020-12-07,157,180,
2020-12-08,143,148,
2020-12-09,147,125,
2020-12-10,185,150,
2020-12-11,155,173,
2020-12-12,142,140,
2020-12-13,84,100,
2020-12-14,106,87,
2020-12-15,106,90,
2020-12-16,162,158,
2020-12-17,155,152,
2020-12-18,143,141,
2020-12-19,141,109,
2020-12-20,88,91,
2020-12-21,113,127,
2020-12-22,114,108,
2020-12-23,143,101,
2020-12-24,135,134,
2020-12-25,123,94,
2020-12-26,117,75,
2020-12-27,78,67,
2020-12-28,113,111,
2020-12-29,103,122,
2020-12-30,122,113,
2020-12-31,115,101,
2021-01-01,120,90,
2021-01-02,100,86,
2021-01-03,103,75,
2021-01-04,122,140,
2021-01-05,120,100,
2021-01-06,123,95,
2021-01-07,115,103,
2021-01-08,148,129,
2021-01-09,121,125,
2021-01-10,78,78,
2021-01-11,113,113,
2021-01-12,95,91,
2021-01-13,98,102,
2021-01-14,84,85,
2021-01-15,78,91,
2021-01-16,80,78,
2021-01-17,80,73,
2021-01-18,113,89,
2021-01-19,99,121,
2021-01-20,113,102,
2021-01-21,106,98,
2021-01-22,97,87,
2021-01-23,96,73,
2021-01-24,59,76,
2021-01-25,100,97,
2021-01-26,101,71,
2021-01-27,100,85,
2021-01-28,86,104,
2021-01-29,82,69,
2021-01-30,84,76,
2021-01-31,62,49,
2021-02-01,101,81,
2021-02-02,80,71,
2021-02-03,95,96,
2021-02-04,98,103,
2021-02-05,76,76,
2021-02-06,86,75,
2021-02-07,51,50,
2021-02-08,82,64,
2021-02-09,99,75,
2021-02-10,101,100,
2021-02-11,68,60,
2021-02-12,70,64,
2021-02-13,58,80,
2021-02-14,54,53,
2021-02-15,91,107,
2021-02-16,73,67,
2021-02-17,97,89,
2021-02-18,110,90,
2021-02-19,91,70,
2021-02-20,76,76,
2021-02-21,53,47,
2021-02-22,93,72,
2021-02-23,89,81,
2021-02-24,94,101,
2021-02-25,93,108,
2021-02-26,67,83,
2021-02-27,67,67,
2021-02-28,65,48,
2021-03-01,83,92,
2021-03-02,91,69,
2021-03-03,100,103,
2021-03-04,97,86,
2021-03-05,97,84,
2021-03-06,76,63,
2021-03-07,52,59,
2021-03-08,72,80,
2021-03-09,94,82,
2021-03-10,107,95,
2021-03-11,99,88,
2021-03-12,78,70,
2021-03-13,69,63,
2021-03-14,57,55,
2021-03-15,118,100,
2021-03-16,70,92,
2021-03-17,93,95,
2021-03-18,103,86,
2021-03-19,92,71,
2021-03-20,85,77,
2021-03-21,71,56,
2021-03-22,73,80,
2021-03-23,71,68,
2021-03-24,113,99,
2021-03-25,78,77,
2021-03-26,94,81,
2021-03-27,79,71,
2021-03-28,53,61,
2021-03-29,92,58,
2021-03-30,82,79,
2021-03-31,115,89,
2021-04-01,82,84,
2021-04-02,71,74,
2021-04-03,82,70,
2021-04-04,56,54,
2021-04-05,76,76,
2021-04-06,94,83,
2021-04-07,99,107,
2021-04-08,108,90,
2021-04-09,97,103,
2021-04-10,84,65,
2021-04-11,43,43,
2021-04-12,88,81,
2021-04-13,86,69,
2021-04-14,74,74,
2021-04-15,75,84,
2021-04-16,80,76,
2021-04-17,79,62,
2021-04-18,65,47,
2021-04-19,72,54,
2021-04-20,61,77,
2021-04-21,84,82,
2021-04-22,78,96,
2021-04-23,93,82,
2021-04-24,64,78,
2021-04-25,47,59,
2021-04-26,64,65,
2021-04-27,79,72,
2021-04-28,75,68,
2021-04-29,93,85,
2021-04-30,69,76,
2021-05-01,75,53,
2021-05-02,49,46,
2021-05-03,82,83,
2021-05-04,57,66,
2021-05-05,83,69,
2021-05-06,76,68,
2021-05-07,60,63,
2021-05-08,56,53,
2021-05-09,64,47,
2021-05-10,79,60,
2021-05-11,58,34,
2021-05-12,45,46,
2021-05-13,47,37,
2021-05-14,55,35,
2021-05-15,40,32,
