Date,Zone Name,No. of Camp,Nos Attended,No of ILI cases,ILI %,
14-06-2020,THIRUVOTTIYUR,6,211,3,1%,
14-06-2020,MANALI,2,105,2,2%,
14-06-2020,MADHAVARAM,8,269,1,0%,
14-06-2020,TONDIARPET,19,650,137,21%,
14-06-2020,ROYAPURAM,65,3048,199,7%,
14-06-2020,THIRU VI KA NAGAR,5,198,0,0%,
14-06-2020,AMBATTUR,18,833,2,0%,
14-06-2020,ANNA NAGAR,4,106,11,10%,
14-06-2020,TEYNAMPET,22,1076,14,1%,
14-06-2020,KODAMBAKKAM,24,1587,0,0%,
14-06-2020,VALASARAVAKKAM,7,555,11,2%,
14-06-2020,ALANDUR,0,0,0,0%,
14-06-2020,ADYAR,9,868,8,1%,
14-06-2020,PERUNGUDI,9,653,3,0%,
14-06-2020,SOZHINGANALLUR,5,382,1,0%,
15-06-2020,THIRUVOTTIYUR,14,564,10,2%,
15-06-2020,MANALI,9,691,49,7%,
15-06-2020,MADHAVARAM,11,471,2,0%,
15-06-2020,TONDIARPET,29,1260,153,12%,
15-06-2020,ROYAPURAM,72,3005,188,6%,
15-06-2020,THIRU VI KA NAGAR,36,2437,35,1%,
15-06-2020,AMBATTUR,23,1041,2,0%,
15-06-2020,ANNA NAGAR,22,1095,67,6%,
15-06-2020,TEYNAMPET,11,676,7,1%,
15-06-2020,KODAMBAKKAM,14,2117,0,0%,
15-06-2020,VALASARAVAKKAM,16,1751,13,1%,
15-06-2020,ALANDUR,15,620,4,1%,
15-06-2020,ADYAR,28,2174,13,1%,
15-06-2020,PERUNGUDI,5,151,0,0%,
15-06-2020,SOZHINGANALLUR,20,931,11,1%,
16-06-2020,THIRUVOTTIYUR,13,593,10,2%,
16-06-2020,MANALI,10,576,9,2%,
16-06-2020,MADHAVARAM,13,619,3,0%,
16-06-2020,TONDIARPET,35,1274,109,9%,
16-06-2020,ROYAPURAM,63,2451,207,8%,
16-06-2020,THIRU VI KA NAGAR,41,2751,16,1%,
16-06-2020,AMBATTUR,23,1314,5,0%,
16-06-2020,ANNA NAGAR,47,1804,42,2%,
16-06-2020,TEYNAMPET,46,2750,22,1%,
16-06-2020,KODAMBAKKAM,44,2577,36,1%,
16-06-2020,VALASARAVAKKAM,33,2284,30,1%,
16-06-2020,ALANDUR,24,1908,10,1%,
16-06-2020,ADYAR,32,2725,23,1%,
16-06-2020,PERUNGUDI,29,1941,12,1%,
16-06-2020,SOZHINGANALLUR,25,2010,54,3%,
17-06-2020,THIRUVOTTIYUR,17,1065,26,2%,
17-06-2020,MANALI,10,642,6,1%,
17-06-2020,MADHAVARAM,12,561,6,1%,
17-06-2020,TONDIARPET,33,1398,120,9%,
17-06-2020,ROYAPURAM,46,1815,146,8%,
17-06-2020,THIRU VI KA NAGAR,40,3195,30,1%,
17-06-2020,AMBATTUR,26,1108,4,0%,
17-06-2020,ANNA NAGAR,43,2468,83,3%,
17-06-2020,TEYNAMPET,48,2501,59,2%,
17-06-2020,KODAMBAKKAM,37,2131,63,3%,
17-06-2020,VALASARAVAKKAM,34,2251,37,2%,
17-06-2020,ALANDUR,26,2482,8,0%,
17-06-2020,ADYAR,33,2382,27,1%,
17-06-2020,PERUNGUDI,28,2058,15,1%,
17-06-2020,SOZHINGANALLUR,25,2010,54,3%,
18-06-2020,THIRUVOTTIYUR,16,767,14,2%,
18-06-2020,MANALI,13,1047,15,1%,
18-06-2020,MADHAVARAM,14,763,7,1%,
18-06-2020,TONDIARPET,36,1481,130,9%,
18-06-2020,ROYAPURAM,49,2144,133,6%,
18-06-2020,THIRU VI KA NAGAR,41,2917,47,2%,
18-06-2020,AMBATTUR,34,1761,7,0%,
18-06-2020,ANNA NAGAR,64,3673,84,2%,
18-06-2020,TEYNAMPET,53,3077,47,2%,
18-06-2020,KODAMBAKKAM,47,2866,73,3%,
18-06-2020,VALASARAVAKKAM,35,2678,32,1%,
18-06-2020,ALANDUR,30,2714,23,1%,
18-06-2020,ADYAR,20,1546,16,1%,
18-06-2020,PERUNGUDI,36,2270,24,1%,
18-06-2020,SOZHINGANALLUR,25,1805,37,2%,
19-06-2020,THIRUVOTTIYUR,18,861,10,1%,
19-06-2020,MANALI,12,1152,15,1%,
19-06-2020,MADHAVARAM,18,1171,15,1%,
19-06-2020,TONDIARPET,36,1391,115,8%,
19-06-2020,ROYAPURAM,54,2296,147,6%,
19-06-2020,THIRU VI KA NAGAR,39,3168,53,2%,
19-06-2020,AMBATTUR,34,1992,31,2%,
19-06-2020,ANNA NAGAR,58,3467,181,5%,
19-06-2020,TEYNAMPET,52,3171,56,2%,
19-06-2020,KODAMBAKKAM,42,2826,79,3%,
19-06-2020,VALASARAVAKKAM,34,2725,46,2%,
19-06-2020,ALANDUR,33,2439,15,1%,
19-06-2020,ADYAR,40,2988,53,2%,
19-06-2020,PERUNGUDI,32,2438,19,1%,
19-06-2020,SOZHINGANALLUR,25,1754,65,4%,
20-06-2020,THIRUVOTTIYUR,24,1574,51,3%,
20-06-2020,MANALI,11,1129,24,2%,
20-06-2020,MADHAVARAM,15,1286,15,1%,
20-06-2020,TONDIARPET,38,1615,161,10%,
20-06-2020,ROYAPURAM,51,2414,189,8%,
20-06-2020,THIRU VI KA NAGAR,56,4326,65,2%,
20-06-2020,AMBATTUR,35,2119,44,2%,
20-06-2020,ANNA NAGAR,65,3951,232,6%,
20-06-2020,TEYNAMPET,39,2441,34,1%,
20-06-2020,KODAMBAKKAM,40,3099,104,3%,
20-06-2020,VALASARAVAKKAM,35,2884,58,2%,
20-06-2020,ALANDUR,32,2465,38,2%,
20-06-2020,ADYAR,38,3345,71,2%,
20-06-2020,PERUNGUDI,29,2269,47,2%,
20-06-2020,SOZHINGANALLUR,25,1754,65,4%,
21-06-2020,THIRUVOTTIYUR,11,655,65,10%,
21-06-2020,MANALI,11,800,64,8%,
21-06-2020,MADHAVARAM,9,336,5,1%,
21-06-2020,TONDIARPET,15,540,144,27%,
21-06-2020,ROYAPURAM,44,1523,146,10%,
21-06-2020,THIRU VI KA NAGAR,35,2231,40,2%,
21-06-2020,AMBATTUR,21,627,19,3%,
21-06-2020,ANNA NAGAR,31,1303,108,8%,
21-06-2020,TEYNAMPET,39,2346,46,2%,
21-06-2020,KODAMBAKKAM,43,4078,73,2%,
21-06-2020,VALASARAVAKKAM,16,1570,51,3%,
21-06-2020,ALANDUR,32,2175,40,2%,
21-06-2020,ADYAR,21,930,3,0%,
21-06-2020,PERUNGUDI,13,808,11,1%,
21-06-2020,SOZHINGANALLUR,16,603,57,9%,
22-06-2020,THIRUVOTTIYUR,13,1561,78,5%,
22-06-2020,MANALI,7,961,51,5%,
22-06-2020,MADHAVARAM,15,1314,15,1%,
22-06-2020,TONDIARPET,52,1530,282,18%,
22-06-2020,ROYAPURAM,41,1947,221,11%,
22-06-2020,THIRU VI KA NAGAR,56,4604,69,1%,
22-06-2020,AMBATTUR,31,2300,33,1%,
22-06-2020,ANNA NAGAR,50,3357,289,9%,
22-06-2020,TEYNAMPET,45,3215,97,3%,
22-06-2020,KODAMBAKKAM,39,3057,112,4%,
22-06-2020,VALASARAVAKKAM,22,1199,114,10%,
22-06-2020,ALANDUR,32,2348,43,2%,
22-06-2020,ADYAR,42,2828,104,4%,
22-06-2020,PERUNGUDI,34,2956,85,3%,
22-06-2020,SOZHINGANALLUR,25,1866,174,9%,
23-06-2020,THIRUVOTTIYUR,16,1926,114,6%,
23-06-2020,MANALI,10,1323,36,3%,
23-06-2020,MADHAVARAM,14,1402,14,1%,
23-06-2020,TONDIARPET,50,2197,458,21%,
23-06-2020,ROYAPURAM,43,1829,234,13%,
23-06-2020,THIRU VI KA NAGAR,55,4621,117,3%,
23-06-2020,AMBATTUR,34,2627,64,2%,
23-06-2020,ANNA NAGAR,59,3742,249,7%,
23-06-2020,TEYNAMPET,52,3970,101,3%,
23-06-2020,KODAMBAKKAM,38,3986,153,4%,
23-06-2020,VALASARAVAKKAM,37,2216,150,7%,
23-06-2020,ALANDUR,21,1965,18,1%,
23-06-2020,ADYAR,44,2807,111,4%,
23-06-2020,PERUNGUDI,34,2897,157,5%,
23-06-2020,SOZHINGANALLUR,25,2165,145,7%,
24-06-2020,THIRUVOTTIYUR,16,2022,181,9%,
24-06-2020,MANALI,11,1050,51,5%,
24-06-2020,MADHAVARAM,17,1523,11,1%,
24-06-2020,TONDIARPET,53,1993,351,18%,
24-06-2020,ROYAPURAM,44,2056,323,16%,
24-06-2020,THIRU VI KA NAGAR,51,4562,167,4%,
24-06-2020,AMBATTUR,33,2471,60,2%,
24-06-2020,ANNA NAGAR,62,3463,257,7%,
24-06-2020,TEYNAMPET,44,3235,57,2%,
24-06-2020,KODAMBAKKAM,39,4497,104,2%,
24-06-2020,VALASARAVAKKAM,37,1941,157,8%,
24-06-2020,ALANDUR,30,2269,40,2%,
24-06-2020,ADYAR,45,3015,83,3%,
24-06-2020,PERUNGUDI,32,2599,168,6%,
24-06-2020,SOZHINGANALLUR,25,1964,121,6%,
25-06-2020,THIRUVOTTIYUR,14,2119,174,8%,
25-06-2020,MANALI,12,1104,96,9%,
25-06-2020,MADHAVARAM,14,1634,18,1%,
25-06-2020,TONDIARPET,58,2180,429,20%,
25-06-2020,ROYAPURAM,42,1674,278,17%,
25-06-2020,THIRU VI KA NAGAR,50,4316,224,5%,
25-06-2020,AMBATTUR,34,2330,44,2%,
25-06-2020,ANNA NAGAR,65,3781,332,9%,
25-06-2020,TEYNAMPET,48,4130,62,2%,
25-06-2020,KODAMBAKKAM,44,3943,165,4%,
25-06-2020,VALASARAVAKKAM,37,1928,193,10%,
25-06-2020,ALANDUR,32,2353,53,2%,
25-06-2020,ADYAR,46,3485,94,3%,
25-06-2020,PERUNGUDI,36,2900,121,4%,
25-06-2020,SOZHINGANALLUR,25,1487,125,8%,
26-06-2020,THIRUVOTTIYUR,16,2261,155,7%,
26-06-2020,MANALI,12,1171,34,3%,
26-06-2020,MADHAVARAM,12,1189,4,0%,
26-06-2020,TONDIARPET,37,1262,351,28%,
26-06-2020,ROYAPURAM,43,1897,292,15%,
26-06-2020,THIRU VI KA NAGAR,51,3509,104,3%,
26-06-2020,AMBATTUR,29,2219,52,2%,
26-06-2020,ANNA NAGAR,60,3496,290,8%,
26-06-2020,TEYNAMPET,45,3914,115,3%,
26-06-2020,KODAMBAKKAM,38,3314,123,4%,
26-06-2020,VALASARAVAKKAM,38,2193,161,7%,
26-06-2020,ALANDUR,32,2915,43,1%,
26-06-2020,ADYAR,45,2915,70,2%,
26-06-2020,PERUNGUDI,36,2880,131,5%,
26-06-2020,SOZHINGANALLUR,25,1973,150,8%,
27-06-2020,THIRUVOTTIYUR,15,1890,167,9%,
27-06-2020,MANALI,7,707,33,5%,
27-06-2020,MADHAVARAM,11,771,14,2%,
27-06-2020,TONDIARPET,18,867,209,24%,
27-06-2020,ROYAPURAM,46,1888,298,16%,
27-06-2020,THIRU VI KA NAGAR,47,3585,115,3%,
27-06-2020,AMBATTUR,26,1673,43,3%,
27-06-2020,ANNA NAGAR,48,2681,161,6%,
27-06-2020,TEYNAMPET,46,3849,131,3%,
27-06-2020,KODAMBAKKAM,38,2901,160,6%,
27-06-2020,VALASARAVAKKAM,34,1826,138,8%,
27-06-2020,ALANDUR,32,2627,47,2%,
27-06-2020,ADYAR,45,3245,78,2%,
27-06-2020,PERUNGUDI,32,2421,100,4%,
27-06-2020,SOZHINGANALLUR,25,2410,147,6%,
28-06-2020,THIRUVOTTIYUR,18,1628,207,13%,
28-06-2020,MANALI,6,511,12,2%,
28-06-2020,MADHAVARAM,8,585,6,1%,
28-06-2020,TONDIARPET,21,948,248,26%,
28-06-2020,ROYAPURAM,43,1779,235,13%,
28-06-2020,THIRU VI KA NAGAR,44,2339,139,6%,
28-06-2020,AMBATTUR,15,940,18,2%,
28-06-2020,ANNA NAGAR,39,1981,117,6%,
28-06-2020,TEYNAMPET,41,2875,218,8%,
28-06-2020,KODAMBAKKAM,40,3341,117,4%,
28-06-2020,VALASARAVAKKAM,28,1174,102,9%,
28-06-2020,ALANDUR,32,2004,54,3%,
28-06-2020,ADYAR,13,710,39,5%,
28-06-2020,PERUNGUDI,14,905,32,4%,
28-06-2020,SOZHINGANALLUR,25,952,45,5%,
29-06-2020,THIRUVOTTIYUR,18,2119,195,9%,
29-06-2020,MANALI,7,740,12,2%,
29-06-2020,MADHAVARAM,11,993,8,1%,
29-06-2020,TONDIARPET,47,1501,451,30%,
29-06-2020,ROYAPURAM,51,2624,309,12%,
29-06-2020,THIRU VI KA NAGAR,52,3990,142,4%,
29-06-2020,AMBATTUR,25,1808,77,4%,
29-06-2020,ANNA NAGAR,53,2722,224,8%,
29-06-2020,TEYNAMPET,40,3260,245,8%,
29-06-2020,KODAMBAKKAM,36,2864,158,6%,
29-06-2020,VALASARAVAKKAM,32,1515,107,7%,
29-06-2020,ALANDUR,32,2366,134,6%,
29-06-2020,ADYAR,42,3149,87,3%,
29-06-2020,PERUNGUDI,31,2433,98,4%,
29-06-2020,SOZHINGANALLUR,30,2146,146,7%,
30-06-2020,THIRUVOTTIYUR,12,1522,105,7%,
30-06-2020,MANALI,10,926,44,5%,
30-06-2020,MADHAVARAM,11,904,1,0%,
30-06-2020,TONDIARPET,46,1609,765,48%,
30-06-2020,ROYAPURAM,58,2587,267,10%,
30-06-2020,THIRU VI KA NAGAR,53,3953,153,4%,
30-06-2020,AMBATTUR,25,1702,58,3%,
30-06-2020,ANNA NAGAR,66,3376,197,6%,
30-06-2020,TEYNAMPET,43,3423,334,10%,
30-06-2020,KODAMBAKKAM,39,2915,125,4%,
30-06-2020,VALASARAVAKKAM,33,1722,134,8%,
30-06-2020,ALANDUR,32,2168,66,3%,
30-06-2020,ADYAR,44,3126,79,3%,
30-06-2020,PERUNGUDI,33,2780,68,2%,
30-06-2020,SOZHINGANALLUR,32,2167,140,6%,
01-07-2020,THIRUVOTTIYUR,22,2289,116,5%,
01-07-2020,MANALI,7,644,23,4%,
01-07-2020,MADHAVARAM,11,1053,8,1%,
01-07-2020,TONDIARPET,44,1308,581,44%,
01-07-2020,ROYAPURAM,55,2557,235,9%,
01-07-2020,THIRU VI KA NAGAR,58,4273,170,4%,
01-07-2020,AMBATTUR,28,1950,66,3%,
01-07-2020,ANNA NAGAR,64,3774,245,6%,
01-07-2020,TEYNAMPET,46,3987,268,7%,
01-07-2020,KODAMBAKKAM,40,3049,150,5%,
01-07-2020,VALASARAVAKKAM,36,2192,151,7%,
01-07-2020,ALANDUR,32,2153,86,4%,
01-07-2020,ADYAR,39,2755,74,3%,
01-07-2020,PERUNGUDI,28,2283,62,3%,
01-07-2020,SOZHINGANALLUR,25,2251,146,6%,
02-07-2020,THIRUVOTTIYUR,22,1948,87,4%,87
02-07-2020,MANALI,8,705,23,3%,23
02-07-2020,MADHAVARAM,10,741,10,1%,10
02-07-2020,TONDIARPET,44,1042,381,37%,381
02-07-2020,ROYAPURAM,51,2006,231,12%,226
02-07-2020,THIRU VI KA NAGAR,49,3164,118,4%,118
02-07-2020,AMBATTUR,25,1802,47,3%,47
02-07-2020,ANNA NAGAR,60,3005,238,8%,234
02-07-2020,TEYNAMPET,40,2649,211,8%,211
02-07-2020,KODAMBAKKAM,39,3265,142,4%,120
02-07-2020,VALASARAVAKKAM,38,1757,116,7%,116
02-07-2020,ALANDUR,30,1813,68,4%,68
02-07-2020,ADYAR,36,2646,86,3%,86
02-07-2020,PERUNGUDI,30,2718,58,2%,58
02-07-2020,SOZHINGANALLUR,32,1935,91,5%,91
03-07-2020,THIRUVOTTIYUR,18,1548,126,8%,114
03-07-2020,MANALI,6,454,49,11%,49
03-07-2020,MADHAVARAM,12,944,17,2%,17
03-07-2020,TONDIARPET,30,1004,498,50%,498
03-07-2020,ROYAPURAM,51,2063,234,11%,229
03-07-2020,THIRU VI KA NAGAR,53,3952,199,5%,199
03-07-2020,AMBATTUR,29,2064,34,2%,34
03-07-2020,ANNA NAGAR,65,2955,169,6%,168
03-07-2020,TEYNAMPET,42,2692,238,9%,238
03-07-2020,KODAMBAKKAM,39,2941,124,4%,110
03-07-2020,VALASARAVAKKAM,31,1306,125,10%,125
03-07-2020,ALANDUR,32,2252,83,4%,83
03-07-2020,ADYAR,36,2467,73,3%,73
03-07-2020,PERUNGUDI,27,2369,46,2%,30
03-07-2020,SOZHINGANALLUR,30,1694,106,6%,106
04-07-2020,THIRUVOTTIYUR,18,1608,140,9%,140
04-07-2020,MANALI,8,623,71,11%,71
04-07-2020,MADHAVARAM,13,1165,7,1%,7
04-07-2020,TONDIARPET,18,513,237,46%,237
04-07-2020,ROYAPURAM,52,2264,305,13%,302
04-07-2020,THIRU VI KA NAGAR,49,3181,144,5%,144
04-07-2020,AMBATTUR,28,1699,42,2%,42
04-07-2020,ANNA NAGAR,52,2612,137,5%,136
04-07-2020,TEYNAMPET,44,3169,223,7%,205
04-07-2020,KODAMBAKKAM,36,2910,116,4%,90
04-07-2020,VALASARAVAKKAM,31,1517,107,7%,107
04-07-2020,ALANDUR,32,2271,72,3%,72
04-07-2020,ADYAR,38,2836,56,2%,52
04-07-2020,PERUNGUDI,26,2139,53,2%,49
04-07-2020,SOZHINGANALLUR,32,1749,83,5%,83
05-07-2020,THIRUVOTTIYUR,18,1379,88,6%,88
05-07-2020,MANALI,7,412,16,4%,16
05-07-2020,MADHAVARAM,12,723,7,1%,7
05-07-2020,TONDIARPET,16,481,208,43%,208
05-07-2020,ROYAPURAM,47,1722,232,13%,229
05-07-2020,THIRU VI KA NAGAR,43,2079,111,5%,111
05-07-2020,AMBATTUR,20,984,20,2%,20
05-07-2020,ANNA NAGAR,31,1025,77,8%,76
05-07-2020,TEYNAMPET,43,2588,209,8%,206
05-07-2020,KODAMBAKKAM,23,1496,115,8%,76
05-07-2020,VALASARAVAKKAM,25,1021,88,9%,88
05-07-2020,ALANDUR,32,2182,35,2%,35
05-07-2020,ADYAR,14,678,26,4%,26
05-07-2020,PERUNGUDI,10,584,16,3%,16
05-07-2020,SOZHINGANALLUR,17,217,28,13%,28
06-07-2020,THIRUVOTTIYUR,18,1512,114,8%,113
06-07-2020,MANALI,8,532,44,8%,44
06-07-2020,MADHAVARAM,16,1243,21,2%,21
06-07-2020,TONDIARPET,38,1051,486,46%,488
06-07-2020,ROYAPURAM,46,1783,222,12%,213
06-07-2020,THIRU VI KA NAGAR,45,3265,125,4%,123
06-07-2020,AMBATTUR,27,1727,34,2%,34
06-07-2020,ANNA NAGAR,60,3023,176,6%,173
06-07-2020,TEYNAMPET,47,2967,185,6%,159
06-07-2020,KODAMBAKKAM,37,2833,159,6%,157
06-07-2020,VALASARAVAKKAM,31,1331,84,6%,84
06-07-2020,ALANDUR,32,2019,60,3%,60
06-07-2020,ADYAR,39,2636,76,3%,73
06-07-2020,PERUNGUDI,31,2079,42,2%,37
06-07-2020,SOZHINGANALLUR,25,1825,67,4%,67
07-07-2020,THIRUVOTTIYUR,21,1666,80,5%,80
07-07-2020,MANALI,10,805,26,3%,26
07-07-2020,MADHAVARAM,16,1109,20,2%,20
07-07-2020,TONDIARPET,40,1231,377,31%,377
07-07-2020,ROYAPURAM,42,1427,275,19%,273
07-07-2020,THIRU VI KA NAGAR,47,3126,91,3%,91
07-07-2020,AMBATTUR,31,1741,32,2%,32
07-07-2020,ANNA NAGAR,65,2695,132,5%,131
07-07-2020,TEYNAMPET,45,3006,182,6%,179
07-07-2020,KODAMBAKKAM,30,2828,106,4%,99
07-07-2020,VALASARAVAKKAM,34,1440,106,7%,106
07-07-2020,ALANDUR,32,2089,73,3%,73
07-07-2020,ADYAR,37,2770,63,2%,62
07-07-2020,PERUNGUDI,29,1933,28,1%,28
07-07-2020,SOZHINGANALLUR,32,1556,102,7%,102
08-07-2020,THIRUVOTTIYUR,20,1760,185,11%,185
08-07-2020,MANALI,9,705,45,6%,45
08-07-2020,MADHAVARAM,11,874,30,3%,30
08-07-2020,TONDIARPET,38,1303,596,46%,596
08-07-2020,ROYAPURAM,50,2020,262,13%,256
08-07-2020,THIRU VI KA NAGAR,43,3125,100,3%,100
08-07-2020,AMBATTUR,30,1983,36,2%,36
08-07-2020,ANNA NAGAR,63,2851,145,5%,143
08-07-2020,TEYNAMPET,40,2732,173,6%,165
08-07-2020,KODAMBAKKAM,50,2845,173,6%,114
08-07-2020,VALASARAVAKKAM,32,1559,89,6%,89
08-07-2020,ALANDUR,32,1978,59,3%,59
08-07-2020,ADYAR,36,2653,53,2%,53
08-07-2020,PERUNGUDI,25,1882,43,2%,43
08-07-2020,SOZHINGANALLUR,32,1620,113,7%,110
09-07-2020,THIRUVOTTIYUR,21,1855,162,9%,162
09-07-2020,MANALI,7,471,26,6%,26
09-07-2020,MADHAVARAM,15,1020,30,3%,30
09-07-2020,TONDIARPET,37,1497,440,29%,440
09-07-2020,ROYAPURAM,42,1783,252,14%,252
09-07-2020,THIRU VI KA NAGAR,41,2996,76,3%,76
09-07-2020,AMBATTUR,33,1922,27,1%,27
09-07-2020,ANNA NAGAR,66,2886,139,5%,139
09-07-2020,TEYNAMPET,45,2579,146,6%,142
09-07-2020,KODAMBAKKAM,45,2413,183,8%,183
09-07-2020,VALASARAVAKKAM,28,1373,73,5%,73
09-07-2020,ALANDUR,32,1844,80,4%,80
09-07-2020,ADYAR,38,2626,57,2%,57
09-07-2020,PERUNGUDI,29,2111,42,2%,42
09-07-2020,SOZHINGANALLUR,25,1741,98,6%,98
10-07-2020,THIRUVOTTIYUR,21,1370,156,11%,156
10-07-2020,MANALI,8,514,33,6%,33
10-07-2020,MADHAVARAM,14,1004,19,2%,19
10-07-2020,TONDIARPET,20,652,297,46%,297
10-07-2020,ROYAPURAM,40,1479,173,12%,172
10-07-2020,THIRU VI KA NAGAR,40,2686,156,6%,156
10-07-2020,AMBATTUR,32,1883,31,2%,31
10-07-2020,ANNA NAGAR,61,2522,91,4%,91
10-07-2020,TEYNAMPET,55,3233,163,5%,142
10-07-2020,KODAMBAKKAM,49,2996,153,5%,147
10-07-2020,VALASARAVAKKAM,29,1303,72,6%,72
10-07-2020,ALANDUR,32,1727,29,2%,29
10-07-2020,ADYAR,38,2629,52,2%,52
10-07-2020,PERUNGUDI,27,1665,38,2%,38
10-07-2020,SOZHINGANALLUR,32,1762,73,4%,73
11-07-2020,THIRUVOTTIYUR,21,1015,187,18%,187
11-07-2020,MANALI,7,391,15,4%,15
11-07-2020,MADHAVARAM,12,834,25,3%,25
11-07-2020,TONDIARPET,20,520,224,43%,224
11-07-2020,ROYAPURAM,46,1925,204,11%,204
11-07-2020,THIRU VI KA NAGAR,36,2122,176,8%,176
11-07-2020,AMBATTUR,26,1679,40,2%,40
11-07-2020,ANNA NAGAR,47,1686,104,6%,104
11-07-2020,TEYNAMPET,52,3340,232,7%,219
11-07-2020,KODAMBAKKAM,43,2740,134,5%,83
11-07-2020,VALASARAVAKKAM,32,1333,91,7%,91
11-07-2020,ALANDUR,32,1770,70,4%,70
11-07-2020,ADYAR,38,2621,56,2%,56
11-07-2020,PERUNGUDI,24,1566,67,4%,62
11-07-2020,SOZHINGANALLUR,32,1480,85,6%,85
12-07-2020,THIRUVOTTIYUR,20,786,71,9%,71
12-07-2020,MANALI,9,428,25,6%,25
12-07-2020,MADHAVARAM,14,548,11,2%,11
12-07-2020,TONDIARPET,45,1294,584,45%,584
12-07-2020,ROYAPURAM,38,1305,195,15%,194
12-07-2020,THIRU VI KA NAGAR,38,1394,155,11%,155
12-07-2020,AMBATTUR,23,1306,16,1%,16
12-07-2020,ANNA NAGAR,30,1222,100,8%,100
12-07-2020,TEYNAMPET,56,3141,186,6%,175
12-07-2020,KODAMBAKKAM,41,2390,88,4%,78
12-07-2020,VALASARAVAKKAM,25,935,124,13%,124
12-07-2020,ALANDUR,26,1408,54,4%,54
12-07-2020,ADYAR,15,605,27,4%,27
12-07-2020,PERUNGUDI,12,733,31,4%,31
12-07-2020,SOZHINGANALLUR,10,250,16,6%,16
13-07-2020,THIRUVOTTIYUR,20,1159,194,17%,191
13-07-2020,MANALI,7,518,23,4%,23
13-07-2020,MADHAVARAM,13,864,37,4%,37
13-07-2020,TONDIARPET,47,1377,590,43%,590
13-07-2020,ROYAPURAM,41,1613,154,10%,146
13-07-2020,THIRU VI KA NAGAR,49,3352,217,6%,217
13-07-2020,AMBATTUR,28,1822,32,2%,32
13-07-2020,ANNA NAGAR,54,2562,139,5%,136
13-07-2020,TEYNAMPET,45,3539,184,5%,174
13-07-2020,KODAMBAKKAM,40,2058,68,3%,42
13-07-2020,VALASARAVAKKAM,32,1329,100,8%,100
13-07-2020,ALANDUR,31,1727,84,5%,84
13-07-2020,ADYAR,37,2607,50,2%,50
13-07-2020,PERUNGUDI,27,2243,168,7%,168
13-07-2020,SOZHINGANALLUR,32,1598,102,6%,102
14-07-2020,THIRUVOTTIYUR,22,1410,164,12%,164
14-07-2020,MANALI,10,632,57,9%,57
14-07-2020,MADHAVARAM,14,958,40,4%,40
14-07-2020,TONDIARPET,49,1301,639,49%,639
14-07-2020,ROYAPURAM,47,1586,183,12%,180
14-07-2020,THIRU VI KA NAGAR,42,2948,212,7%,212
14-07-2020,AMBATTUR,25,1628,32,2%,32
14-07-2020,ANNA NAGAR,61,2604,218,8%,216
14-07-2020,TEYNAMPET,51,3682,172,5%,164
14-07-2020,KODAMBAKKAM,48,2848,132,5%,60
14-07-2020,VALASARAVAKKAM,27,1241,93,7%,93
14-07-2020,ALANDUR,26,1509,72,5%,72
14-07-2020,ADYAR,40,2890,69,2%,62
14-07-2020,PERUNGUDI,31,1856,137,7%,137
14-07-2020,SOZHINGANALLUR,32,1715,102,6%,102
15-07-2020,THIRUVOTTIYUR,21,1185,274,23%,273
15-07-2020,MANALI,9,518,9,2%,9
15-07-2020,MADHAVARAM,11,928,47,5%,47
15-07-2020,TONDIARPET,34,1382,290,21%,290
15-07-2020,ROYAPURAM,46,1871,184,10%,173
15-07-2020,THIRU VI KA NAGAR,44,3239,224,7%,224
15-07-2020,AMBATTUR,33,2182,50,2%,50
15-07-2020,ANNA NAGAR,43,2085,177,8%,168
15-07-2020,TEYNAMPET,50,3537,161,5%,142
15-07-2020,KODAMBAKKAM,30,1963,124,6%,70
15-07-2020,VALASARAVAKKAM,30,1584,126,8%,126
15-07-2020,ALANDUR,31,1693,100,6%,100
15-07-2020,ADYAR,38,2799,51,2%,46
15-07-2020,PERUNGUDI,27,1639,69,4%,69
15-07-2020,SOZHINGANALLUR,25,1825,105,6%,105
16-07-2020,THIRUVOTTIYUR,24,1232,205,17%,205
16-07-2020,MANALI,10,643,18,3%,18
16-07-2020,MADHAVARAM,12,910,50,5%,50
16-07-2020,TONDIARPET,53,2836,211,7%,211
16-07-2020,ROYAPURAM,44,1771,199,11%,172
16-07-2020,THIRU VI KA NAGAR,48,3102,268,9%,268
16-07-2020,AMBATTUR,37,2837,34,1%,34
16-07-2020,ANNA NAGAR,50,2043,158,8%,157
16-07-2020,TEYNAMPET,51,3514,146,4%,127
16-07-2020,KODAMBAKKAM,43,2891,139,5%,52
16-07-2020,VALASARAVAKKAM,30,1401,84,6%,84
16-07-2020,ALANDUR,31,1720,72,4%,72
16-07-2020,ADYAR,37,2625,52,2%,52
16-07-2020,PERUNGUDI,26,1711,85,5%,85
16-07-2020,SOZHINGANALLUR,25,1664,76,5%,76
17-07-2020,THIRUVOTTIYUR,20,970,178,18%,178
17-07-2020,MANALI,10,473,9,2%,9
17-07-2020,MADHAVARAM,13,818,34,4%,34
17-07-2020,TONDIARPET,30,1090,122,11%,122
17-07-2020,ROYAPURAM,45,1379,172,12%,156
17-07-2020,THIRU VI KA NAGAR,51,3290,284,9%,284
17-07-2020,AMBATTUR,34,2442,48,2%,48
17-07-2020,ANNA NAGAR,63,2644,196,7%,193
17-07-2020,TEYNAMPET,52,3381,179,5%,165
17-07-2020,KODAMBAKKAM,42,3113,102,3%,86
17-07-2020,VALASARAVAKKAM,32,1475,87,6%,87
17-07-2020,ALANDUR,31,1578,67,4%,67
17-07-2020,ADYAR,37,2372,51,2%,51
17-07-2020,PERUNGUDI,26,1492,61,4%,55
17-07-2020,SOZHINGANALLUR,32,1571,114,7%,111
19-07-2020,THIRUVOTTIYUR,22,564,113,20%,113
19-07-2020,MANALI,7,182,3,2%,3
19-07-2020,MADHAVARAM,14,627,7,1%,0
19-07-2020,TONDIARPET,53,1394,200,14%,200
19-07-2020,ROYAPURAM,43,1022,134,13%,131
19-07-2020,THIRU VI KA NAGAR,45,1694,141,8%,141
19-07-2020,AMBATTUR,26,1521,24,2%,24
19-07-2020,ANNA NAGAR,36,743,61,8%,61
19-07-2020,TEYNAMPET,51,1953,195,10%,166
19-07-2020,KODAMBAKKAM,40,2359,62,3%,55
19-07-2020,VALASARAVAKKAM,25,788,57,7%,57
19-07-2020,ALANDUR,22,614,24,4%,24
19-07-2020,ADYAR,12,279,17,6%,17
19-07-2020,PERUNGUDI,7,224,21,9%,21
19-07-2020,SOZHINGANALLUR,17,348,15,4%,13
20-07-2020,THIRUVOTTIYUR,22,950,169,18%,169
20-07-2020,MANALI,6,389,34,9%,34
20-07-2020,MADHAVARAM,16,1033,32,3%,32
20-07-2020,TONDIARPET,41,1795,131,7%,131
20-07-2020,ROYAPURAM,49,1610,118,7%,115
20-07-2020,THIRU VI KA NAGAR,49,3097,189,6%,189
20-07-2020,AMBATTUR,31,2365,45,2%,45
20-07-2020,ANNA NAGAR,47,1913,174,9%,174
20-07-2020,TEYNAMPET,51,3097,292,9%,285
20-07-2020,KODAMBAKKAM,41,2836,68,2%,62
20-07-2020,VALASARAVAKKAM,29,1324,91,7%,91
20-07-2020,ALANDUR,31,1571,77,5%,77
20-07-2020,ADYAR,34,2291,51,2%,47
20-07-2020,PERUNGUDI,28,1552,75,5%,75
20-07-2020,SOZHINGANALLUR,25,1591,69,4%,69
21-07-2020,THIRUVOTTIYUR,20,740,108,15%,108
21-07-2020,MANALI,8,471,16,3%,16
21-07-2020,MADHAVARAM,17,1143,51,4%,51
21-07-2020,TONDIARPET,47,2088,203,10%,203
21-07-2020,ROYAPURAM,45,1546,178,12%,169
21-07-2020,THIRU VI KA NAGAR,48,3263,203,6%,203
21-07-2020,AMBATTUR,29,2187,62,3%,62
21-07-2020,ANNA NAGAR,58,2568,226,9%,226
21-07-2020,TEYNAMPET,51,3183,331,10%,329
21-07-2020,KODAMBAKKAM,37,3031,74,2%,70
21-07-2020,VALASARAVAKKAM,26,1277,93,7%,93
21-07-2020,ALANDUR,31,1384,41,3%,41
21-07-2020,ADYAR,35,2035,39,2%,31
21-07-2020,PERUNGUDI,25,1439,51,4%,51
21-07-2020,SOZHINGANALLUR,28,1737,150,9%,150
22-07-2020,THIRUVOTTIYUR,21,1055,182,17%,182
22-07-2020,MANALI,9,558,9,2%,9
22-07-2020,MADHAVARAM,15,1025,32,3%,32
22-07-2020,TONDIARPET,29,1104,250,23%,250
22-07-2020,ROYAPURAM,49,2135,177,8%,162
22-07-2020,THIRU VI KA NAGAR,52,3715,178,5%,178
22-07-2020,AMBATTUR,28,2192,46,2%,46
22-07-2020,ANNA NAGAR,66,2696,138,5%,138
22-07-2020,TEYNAMPET,54,3286,298,9%,285
22-07-2020,KODAMBAKKAM,35,2372,84,4%,84
22-07-2020,VALASARAVAKKAM,32,1517,115,8%,115
22-07-2020,ALANDUR,31,1238,48,4%,48
22-07-2020,ADYAR,34,2030,40,2%,40
22-07-2020,PERUNGUDI,26,1455,61,4%,61
22-07-2020,SOZHINGANALLUR,27,1741,130,7%,130
23-07-2020,THIRUVOTTIYUR,21,931,179,19%,179
23-07-2020,MANALI,9,508,54,11%,54
23-07-2020,MADHAVARAM,13,898,38,4%,38
23-07-2020,TONDIARPET,41,1686,281,17%,281
23-07-2020,ROYAPURAM,52,2001,165,8%,142
23-07-2020,THIRU VI KA NAGAR,53,3509,226,6%,226
23-07-2020,AMBATTUR,32,2363,44,2%,44
23-07-2020,ANNA NAGAR,65,2696,137,5%,137
23-07-2020,TEYNAMPET,51,3133,244,8%,244
23-07-2020,KODAMBAKKAM,37,2490,97,4%,97
23-07-2020,VALASARAVAKKAM,31,1362,113,8%,113
23-07-2020,ALANDUR,31,1323,66,5%,66
23-07-2020,ADYAR,30,1871,37,2%,37
23-07-2020,PERUNGUDI,20,1350,56,4%,56
23-07-2020,SOZHINGANALLUR,32,1861,125,7%,125
24-07-2020,THIRUVOTTIYUR,19,767,172,22%,172
24-07-2020,MANALI,6,398,11,3%,11
24-07-2020,MADHAVARAM,10,749,37,5%,37
24-07-2020,TONDIARPET,35,1356,203,15%,203
24-07-2020,ROYAPURAM,47,1760,160,9%,135
24-07-2020,THIRU VI KA NAGAR,49,3038,222,7%,222
24-07-2020,AMBATTUR,31,2559,59,2%,59
24-07-2020,ANNA NAGAR,61,2268,108,5%,106
24-07-2020,TEYNAMPET,56,3150,278,9%,274
24-07-2020,KODAMBAKKAM,41,2843,86,3%,86
24-07-2020,VALASARAVAKKAM,34,1493,128,9%,128
24-07-2020,ALANDUR,31,1423,62,4%,62
24-07-2020,ADYAR,31,1810,31,2%,27
24-07-2020,PERUNGUDI,24,1244,61,5%,61
24-07-2020,SOZHINGANALLUR,32,1745,94,5%,75
25-07-2020,THIRUVOTTIYUR,20,645,130,20%,130
25-07-2020,MANALI,6,325,40,12%,40
25-07-2020,MADHAVARAM,11,712,22,3%,22
25-07-2020,TONDIARPET,44,1516,219,14%,219
25-07-2020,ROYAPURAM,53,2086,153,7%,151
25-07-2020,THIRU VI KA NAGAR,50,2993,284,9%,284
25-07-2020,AMBATTUR,28,1950,41,2%,41
25-07-2020,ANNA NAGAR,49,1738,125,7%,125
25-07-2020,TEYNAMPET,62,3551,279,8%,271
25-07-2020,KODAMBAKKAM,39,2418,70,3%,70
25-07-2020,VALASARAVAKKAM,32,1212,66,5%,66
25-07-2020,ALANDUR,31,1272,76,6%,76
25-07-2020,ADYAR,39,2501,21,1%,20
25-07-2020,PERUNGUDI,24,1281,50,4%,50
25-07-2020,SOZHINGANALLUR,34,1422,189,13%,189
26-07-2020,THIRUVOTTIYUR,20,497,127,26%,127
26-07-2020,MANALI,5,129,1,1%,1
26-07-2020,MADHAVARAM,10,279,26,9%,26
26-07-2020,TONDIARPET,44,1475,218,15%,218
26-07-2020,ROYAPURAM,42,1351,166,12%,164
26-07-2020,THIRU VI KA NAGAR,44,1774,190,11%,190
26-07-2020,AMBATTUR,28,1784,20,1%,20
26-07-2020,ANNA NAGAR,36,1016,108,11%,105
26-07-2020,TEYNAMPET,55,2160,215,10%,213
26-07-2020,KODAMBAKKAM,42,1753,62,4%,19
26-07-2020,VALASARAVAKKAM,27,1010,117,12%,117
26-07-2020,ALANDUR,21,701,29,4%,29
26-07-2020,ADYAR,26,1180,74,6%,46
26-07-2020,PERUNGUDI,24,1006,26,3%,26
26-07-2020,SOZHINGANALLUR,9,279,36,13%,36
27-07-2020,THIRUVOTTIYUR,19,855,173,20%,173
27-07-2020,MANALI,7,402,15,4%,15
27-07-2020,MADHAVARAM,14,939,30,3%,30
27-07-2020,TONDIARPET,35,1263,164,13%,164
27-07-2020,ROYAPURAM,50,2179,177,8%,167
27-07-2020,THIRU VI KA NAGAR,50,3150,242,8%,242
27-07-2020,AMBATTUR,33,2104,49,2%,49
27-07-2020,ANNA NAGAR,52,1986,161,8%,161
27-07-2020,TEYNAMPET,58,3441,259,8%,256
27-07-2020,KODAMBAKKAM,40,2093,49,2%,49
27-07-2020,VALASARAVAKKAM,32,1466,128,9%,128
27-07-2020,ALANDUR,30,1333,69,5%,69
27-07-2020,ADYAR,40,2642,84,3%,84
27-07-2020,PERUNGUDI,24,1178,100,8%,100
27-07-2020,SOZHINGANALLUR,34,1492,131,9%,127
28-07-2020,THIRUVOTTIYUR,18,721,82,11%,82
28-07-2020,MANALI,7,472,6,1%,6
28-07-2020,MADHAVARAM,16,1003,32,3%,32
28-07-2020,TONDIARPET,50,2036,186,9%,186
28-07-2020,ROYAPURAM,41,1564,130,8%,122
28-07-2020,THIRU VI KA NAGAR,48,2729,139,5%,139
28-07-2020,AMBATTUR,32,1846,27,1%,27
28-07-2020,ANNA NAGAR,67,2452,187,8%,186
28-07-2020,TEYNAMPET,59,3308,256,8%,248
28-07-2020,KODAMBAKKAM,43,2327,60,3%,60
28-07-2020,VALASARAVAKKAM,29,1188,124,10%,124
28-07-2020,ALANDUR,31,1276,66,5%,66
28-07-2020,ADYAR,41,2456,99,4%,99
28-07-2020,PERUNGUDI,21,1119,80,7%,80
28-07-2020,SOZHINGANALLUR,34,1486,148,10%,148
29-07-2020,THIRUVOTTIYUR,19,640,58,9%,58
28-07-2020,MANALI,7,470,8,2%,8
29-07-2020,MADHAVARAM,15,919,27,3%,27
28-07-2020,TONDIARPET,29,919,70,8%,70
29-07-2020,ROYAPURAM,48,1630,98,6%,89
28-07-2020,THIRU VI KA NAGAR,40,2554,162,6%,162
29-07-2020,AMBATTUR,29,1458,28,2%,28
28-07-2020,ANNA NAGAR,65,2022,74,4%,74
29-07-2020,TEYNAMPET,60,2978,166,6%,163
28-07-2020,KODAMBAKKAM,55,2354,62,3%,61
29-07-2020,VALASARAVAKKAM,26,1096,48,4%,48
28-07-2020,ALANDUR,25,739,20,3%,20
29-07-2020,ADYAR,39,1902,56,3%,56
28-07-2020,PERUNGUDI,26,1082,83,8%,83
29-07-2020,SOZHINGANALLUR,25,1074,139,13%,139
30-07-2020,THIRUVOTTIYUR,21,854,152,18%,152
30-07-2020,MANALI,7,428,9,2%,9
30-07-2020,MADHAVARAM,12,926,30,3%,30
30-07-2020,TONDIARPET,44,1546,147,10%,147
30-07-2020,ROYAPURAM,50,2029,158,8%,151
30-07-2020,THIRU VI KA NAGAR,48,3025,330,11%,330
30-07-2020,AMBATTUR,31,2010,28,1%,28
30-07-2020,ANNA NAGAR,67,2489,142,6%,140
30-07-2020,TEYNAMPET,62,3283,216,7%,211
30-07-2020,KODAMBAKKAM,56,2773,63,2%,63
30-07-2020,VALASARAVAKKAM,31,1301,96,7%,96
30-07-2020,ALANDUR,31,1148,91,8%,91
30-07-2020,ADYAR,38,2352,74,3%,69
30-07-2020,PERUNGUDI,26,1318,126,10%,126
30-07-2020,SOZHINGANALLUR,34,1507,169,11%,169
31-07-2020,THIRUVOTTIYUR,19,702,92,13%,92
31-07-2020,MANALI,8,478,13,3%,13
31-07-2020,MADHAVARAM,13,728,19,3%,19
31-07-2020,TONDIARPET,29,1034,99,10%,99
31-07-2020,ROYAPURAM,48,1697,98,6%,93
31-07-2020,THIRU VI KA NAGAR,49,2654,364,14%,364
31-07-2020,AMBATTUR,32,1980,27,1%,27
31-07-2020,ANNA NAGAR,60,1980,142,7%,142
31-07-2020,TEYNAMPET,59,3019,219,7%,219
31-07-2020,KODAMBAKKAM,63,3038,64,2%,62
31-07-2020,VALASARAVAKKAM,31,1347,73,5%,73
31-07-2020,ALANDUR,31,1135,77,7%,77
31-07-2020,ADYAR,40,2303,81,4%,81
31-07-2020,PERUNGUDI,28,1295,115,9%,115
31-07-2020,SOZHINGANALLUR,32,1347,114,8%,114
01-08-2020,THIRUVOTTIYUR,21,626,118,19%,118
01-08-2020,MANALI,7,400,4,1%,4
01-08-2020,MADHAVARAM,12,625,27,4%,27
01-08-2020,TONDIARPET,38,1206,112,9%,112
01-08-2020,ROYAPURAM,45,1576,121,8%,105
01-08-2020,THIRU VI KA NAGAR,49,2377,431,18%,431
01-08-2020,AMBATTUR,30,1968,30,2%,30
01-08-2020,ANNA NAGAR,55,1913,135,7%,135
01-08-2020,TEYNAMPET,60,2883,234,8%,231
01-08-2020,KODAMBAKKAM,48,2317,47,2%,45
01-08-2020,VALASARAVAKKAM,34,1345,104,8%,104
01-08-2020,ALANDUR,30,1180,100,8%,100
01-08-2020,ADYAR,37,2057,64,3%,64
01-08-2020,PERUNGUDI,22,1087,173,16%,173
01-08-2020,SOZHINGANALLUR,22,1133,129,11%,129
02-08-2020,THIRUVOTTIYUR,18,358,90,25%,90
02-08-2020,MANALI,7,188,0,0%,0
02-08-2020,MADHAVARAM,12,421,44,10%,44
02-08-2020,TONDIARPET,41,1196,102,9%,102
02-08-2020,ROYAPURAM,32,814,48,6%,17
02-08-2020,THIRU VI KA NAGAR,46,1854,485,26%,485
02-08-2020,AMBATTUR,21,1617,15,1%,15
02-08-2020,ANNA NAGAR,30,865,100,12%,100
02-08-2020,TEYNAMPET,51,2063,112,5%,108
02-08-2020,KODAMBAKKAM,35,1981,50,3%,50
02-08-2020,VALASARAVAKKAM,29,1087,67,6%,67
02-08-2020,ALANDUR,22,822,75,9%,75
02-08-2020,ADYAR,19,631,72,11%,72
02-08-2020,PERUNGUDI,14,621,33,5%,33
02-08-2020,SOZHINGANALLUR,18,362,24,7%,24
03-08-2020,THIRUVOTTIYUR,19,782,164,21%,164
03-08-2020,MANALI,8,493,8,2%,8
03-08-2020,MADHAVARAM,14,926,26,3%,26
03-08-2020,TONDIARPET,35,1046,98,9%,98
03-08-2020,ROYAPURAM,39,1680,118,7%,106
03-08-2020,THIRU VI KA NAGAR,49,3157,344,11%,344
03-08-2020,AMBATTUR,36,2517,43,2%,43
03-08-2020,ANNA NAGAR,56,2001,104,5%,102
03-08-2020,TEYNAMPET,60,3442,279,8%,276
03-08-2020,KODAMBAKKAM,39,2193,78,4%,78
03-08-2020,VALASARAVAKKAM,33,1598,98,6%,98
03-08-2020,ALANDUR,30,1282,132,10%,132
03-08-2020,ADYAR,40,2419,85,4%,85
03-08-2020,PERUNGUDI,24,1279,138,11%,138
03-08-2020,SOZHINGANALLUR,25,1464,156,11%,156
04-08-2020,THIRUVOTTIYUR,18,754,121,16%,121
04-08-2020,MANALI,7,440,15,3%,15
04-08-2020,MADHAVARAM,10,747,33,4%,33
04-08-2020,TONDIARPET,44,1526,178,12%,178
04-08-2020,ROYAPURAM,43,1892,141,7%,121
04-08-2020,THIRU VI KA NAGAR,43,2646,300,11%,300
04-08-2020,AMBATTUR,31,2169,19,1%,19
04-08-2020,ANNA NAGAR,63,2262,180,8%,180
04-08-2020,TEYNAMPET,61,3525,235,7%,234
04-08-2020,KODAMBAKKAM,69,3196,69,2%,69
04-08-2020,VALASARAVAKKAM,30,1389,83,6%,83
04-08-2020,ALANDUR,31,1363,71,5%,71
04-08-2020,ADYAR,43,2666,102,4%,102
04-08-2020,PERUNGUDI,22,1094,73,7%,73
04-08-2020,SOZHINGANALLUR,25,1623,120,7%,120
05-08-2020,THIRUVOTTIYUR,19,719,156,22%,156
05-08-2020,MANALI,9,568,3,1%,3
05-08-2020,MADHAVARAM,11,847,28,3%,28
05-08-2020,TONDIARPET,41,1382,50,4%,50
05-08-2020,ROYAPURAM,37,1737,139,8%,116
05-08-2020,THIRU VI KA NAGAR,55,3203,361,11%,361
05-08-2020,AMBATTUR,36,2497,20,1%,20
05-08-2020,ANNA NAGAR,61,2107,140,7%,139
05-08-2020,TEYNAMPET,60,3295,265,8%,264
05-08-2020,KODAMBAKKAM,39,2126,65,3%,65
05-08-2020,VALASARAVAKKAM,31,1573,94,6%,94
05-08-2020,ALANDUR,31,1143,84,7%,84
05-08-2020,ADYAR,41,2524,121,5%,121
05-08-2020,PERUNGUDI,28,1276,111,9%,111
05-08-2020,SOZHINGANALLUR,25,1576,133,8%,133
06-08-2020,THIRUVOTTIYUR,19,719,138,19%,138
06-08-2020,MANALI,9,568,9,2%,9
06-08-2020,MADHAVARAM,11,847,28,3%,28
06-08-2020,TONDIARPET,41,1382,135,10%,135
06-08-2020,ROYAPURAM,37,1737,87,5%,76
06-08-2020,THIRU VI KA NAGAR,55,3203,302,9%,302
06-08-2020,AMBATTUR,36,2497,29,1%,29
06-08-2020,ANNA NAGAR,61,2107,143,7%,142
06-08-2020,TEYNAMPET,60,3295,194,6%,194
06-08-2020,KODAMBAKKAM,39,2126,96,5%,96
06-08-2020,VALASARAVAKKAM,31,1573,94,6%,94
06-08-2020,ALANDUR,31,1143,83,7%,83
06-08-2020,ADYAR,41,2524,136,5%,53
06-08-2020,PERUNGUDI,28,1276,102,8%,102
06-08-2020,SOZHINGANALLUR,25,1576,130,8%,130
07-08-2020,THIRUVOTTIYUR,20,668,141,21%,141
07-08-2020,MANALI,6,344,3,1%,3
07-08-2020,MADHAVARAM,15,961,30,3%,30
07-08-2020,TONDIARPET,44,1554,99,6%,99
07-08-2020,ROYAPURAM,39,1709,97,6%,84
07-08-2020,THIRU VI KA NAGAR,52,2788,307,11%,307
07-08-2020,AMBATTUR,39,2347,20,1%,20
07-08-2020,ANNA NAGAR,61,2304,152,7%,151
07-08-2020,TEYNAMPET,61,2957,202,7%,202
07-08-2020,KODAMBAKKAM,53,2740,88,3%,85
07-08-2020,VALASARAVAKKAM,29,1406,110,8%,110
07-08-2020,ALANDUR,31,1208,81,7%,81
07-08-2020,ADYAR,39,2244,136,6%,136
07-08-2020,PERUNGUDI,26,1126,107,10%,107
07-08-2020,SOZHINGANALLUR,25,1384,119,9%,119
08-08-2020,THIRUVOTTIYUR,19,590,110,19%,110
08-08-2020,MANALI,7,438,2,0%,2
08-08-2020,MADHAVARAM,13,827,19,2%,19
08-08-2020,TONDIARPET,36,1215,83,7%,83
08-08-2020,ROYAPURAM,35,1582,77,5%,77
08-08-2020,THIRU VI KA NAGAR,46,2564,263,10%,263
08-08-2020,AMBATTUR,35,2111,29,1%,29
08-08-2020,ANNA NAGAR,52,1850,92,5%,91
08-08-2020,TEYNAMPET,59,3047,277,9%,270
08-08-2020,KODAMBAKKAM,47,2310,51,2%,51
08-08-2020,VALASARAVAKKAM,29,1411,102,7%,102
08-08-2020,ALANDUR,31,1119,73,7%,73
08-08-2020,ADYAR,41,2534,117,5%,117
08-08-2020,PERUNGUDI,24,1155,141,12%,141
08-08-2020,SOZHINGANALLUR,27,1455,69,5%,69
09-08-2020,THIRUVOTTIYUR,17,349,40,11%,40
09-08-2020,MANALI,4,109,2,2%,2
09-08-2020,MADHAVARAM,13,445,28,6%,28
09-08-2020,TONDIARPET,42,1317,61,5%,61
09-08-2020,ROYAPURAM,36,1176,88,7%,88
09-08-2020,THIRU VI KA NAGAR,45,1436,219,15%,219
09-08-2020,AMBATTUR,33,1545,20,1%,20
09-08-2020,ANNA NAGAR,30,948,110,12%,110
09-08-2020,TEYNAMPET,49,1659,147,9%,146
09-08-2020,KODAMBAKKAM,36,1952,75,4%,75
09-08-2020,VALASARAVAKKAM,27,995,86,9%,86
09-08-2020,ALANDUR,22,638,57,9%,57
09-08-2020,ADYAR,20,941,71,8%,66
09-08-2020,PERUNGUDI,16,673,58,9%,58
09-08-2020,SOZHINGANALLUR,11,272,10,4%,10
10-08-2020,THIRUVOTTIYUR,19,737,123,17%,123
10-08-2020,MANALI,8,505,11,2%,11
10-08-2020,MADHAVARAM,13,908,31,3%,31
10-08-2020,TONDIARPET,38,1201,78,6%,78
10-08-2020,ROYAPURAM,45,1864,94,5%,86
10-08-2020,THIRU VI KA NAGAR,49,2827,237,8%,237
10-08-2020,AMBATTUR,41,2460,30,1%,30
10-08-2020,ANNA NAGAR,42,1612,187,12%,172
10-08-2020,TEYNAMPET,57,3244,255,8%,255
10-08-2020,KODAMBAKKAM,56,2858,58,2%,58
10-08-2020,VALASARAVAKKAM,29,1346,71,5%,71
10-08-2020,ALANDUR,31,1245,86,7%,86
10-08-2020,ADYAR,41,2479,133,5%,133
10-08-2020,PERUNGUDI,22,1006,125,12%,125
10-08-2020,SOZHINGANALLUR,27,1547,93,6%,93
11-08-2020,THIRUVOTTIYUR,17,655,77,12%,77
11-08-2020,MANALI,9,511,8,2%,8
11-08-2020,MADHAVARAM,14,876,22,3%,22
11-08-2020,TONDIARPET,46,1591,68,4%,68
11-08-2020,ROYAPURAM,41,1543,110,7%,98
11-08-2020,THIRU VI KA NAGAR,50,2490,102,4%,102
11-08-2020,AMBATTUR,37,1869,29,2%,29
11-08-2020,ANNA NAGAR,43,1603,154,10%,150
11-08-2020,TEYNAMPET,56,2863,226,8%,226
11-08-2020,KODAMBAKKAM,49,2617,95,4%,87
11-08-2020,VALASARAVAKKAM,29,1320,112,8%,112
11-08-2020,ALANDUR,31,1134,73,6%,73
11-08-2020,ADYAR,43,2225,154,7%,154
11-08-2020,PERUNGUDI,22,774,102,13%,102
11-08-2020,SOZHINGANALLUR,27,1431,68,5%,68
12-08-2020,THIRUVOTTIYUR,20,811,67,8%,67
12-08-2020,MANALI,9,431,8,2%,8
12-08-2020,MADHAVARAM,16,1033,39,4%,39
12-08-2020,TONDIARPET,32,1049,43,4%,43
12-08-2020,ROYAPURAM,42,2001,85,4%,74
12-08-2020,THIRU VI KA NAGAR,51,3246,137,4%,137
12-08-2020,AMBATTUR,40,2672,36,1%,36
12-08-2020,ANNA NAGAR,52,2213,180,8%,177
12-08-2020,TEYNAMPET,57,2766,261,9%,261
12-08-2020,KODAMBAKKAM,53,2847,41,1%,41
12-08-2020,VALASARAVAKKAM,29,1564,127,8%,127
12-08-2020,ALANDUR,31,1194,62,5%,62
12-08-2020,ADYAR,41,2423,113,5%,113
12-08-2020,PERUNGUDI,18,955,102,11%,102
12-08-2020,SOZHINGANALLUR,27,1659,68,4%,68
13-08-2020,THIRUVOTTIYUR,17,696,85,12%,85
13-08-2020,MANALI,9,565,2,0%,2
13-08-2020,MADHAVARAM,15,1026,30,3%,30
13-08-2020,TONDIARPET,51,1745,63,4%,63
13-08-2020,ROYAPURAM,40,1726,102,6%,78
13-08-2020,THIRU VI KA NAGAR,50,3230,162,5%,162
13-08-2020,AMBATTUR,34,1995,17,1%,17
13-08-2020,ANNA NAGAR,53,2219,194,9%,194
13-08-2020,TEYNAMPET,57,2780,204,7%,204
13-08-2020,KODAMBAKKAM,52,3114,81,3%,52
13-08-2020,VALASARAVAKKAM,30,1613,128,8%,113
13-08-2020,ALANDUR,30,1109,59,5%,59
13-08-2020,ADYAR,40,2682,127,5%,126
13-08-2020,PERUNGUDI,24,1104,88,8%,88
13-08-2020,SOZHINGANALLUR,27,1449,98,7%,98
14-08-2020,THIRUVOTTIYUR,22,673,100,15%,100
14-08-2020,MANALI,10,522,7,1%,7
14-08-2020,MADHAVARAM,14,1019,36,4%,36
14-08-2020,TONDIARPET,43,1435,87,6%,87
14-08-2020,ROYAPURAM,37,1493,73,5%,59
14-08-2020,THIRU VI KA NAGAR,46,2685,119,4%,119
14-08-2020,AMBATTUR,33,1743,33,2%,33
14-08-2020,ANNA NAGAR,50,1923,195,10%,194
14-08-2020,TEYNAMPET,57,2551,210,8%,210
14-08-2020,KODAMBAKKAM,37,1880,59,3%,59
14-08-2020,VALASARAVAKKAM,32,1625,153,9%,153
14-08-2020,ALANDUR,30,1047,74,7%,74
14-08-2020,ADYAR,38,2113,120,6%,116
14-08-2020,PERUNGUDI,22,1132,95,8%,95
14-08-2020,SOZHINGANALLUR,27,1275,58,5%,58
15-08-2020,THIRUVOTTIYUR,19,483,85,18%,85
15-08-2020,MANALI,6,275,4,1%,4
15-08-2020,MADHAVARAM,11,513,29,6%,29
15-08-2020,TONDIARPET,54,1755,70,4%,70
15-08-2020,ROYAPURAM,37,1111,68,6%,67
15-08-2020,THIRU VI KA NAGAR,43,1583,65,4%,65
15-08-2020,AMBATTUR,34,1644,57,3%,57
15-08-2020,ANNA NAGAR,30,950,113,12%,113
15-08-2020,TEYNAMPET,45,1783,189,11%,189
15-08-2020,KODAMBAKKAM,40,2202,34,2%,34
15-08-2020,VALASARAVAKKAM,30,1457,116,8%,116
15-08-2020,ALANDUR,31,1104,64,6%,64
15-08-2020,ADYAR,39,1976,124,6%,123
15-08-2020,PERUNGUDI,21,807,71,9%,71
15-08-2020,SOZHINGANALLUR,17,920,41,4%,41
16-08-2020,THIRUVOTTIYUR,20,344,73,21%,73
16-08-2020,MANALI,5,145,2,1%,2
16-08-2020,MADHAVARAM,12,344,23,7%,23
16-08-2020,TONDIARPET,53,1475,79,5%,79
16-08-2020,ROYAPURAM,36,918,83,9%,82
16-08-2020,THIRU VI KA NAGAR,41,1402,91,6%,91
16-08-2020,AMBATTUR,23,901,15,2%,15
16-08-2020,ANNA NAGAR,29,876,121,14%,121
16-08-2020,TEYNAMPET,49,1563,198,13%,198
16-08-2020,KODAMBAKKAM,38,2458,55,2%,55
16-08-2020,VALASARAVAKKAM,25,1040,91,9%,91
16-08-2020,ALANDUR,22,819,47,6%,47
16-08-2020,ADYAR,21,719,138,19%,138
16-08-2020,PERUNGUDI,13,610,40,7%,40
16-08-2020,SOZHINGANALLUR,8,208,12,6%,12
17-08-2020,THIRUVOTTIYUR,21,832,132,16%,132
17-08-2020,MANALI,12,676,12,2%,12
17-08-2020,MADHAVARAM,15,901,29,3%,29
17-08-2020,TONDIARPET,44,1379,101,7%,101
17-08-2020,ROYAPURAM,34,1576,63,4%,61
17-08-2020,THIRU VI KA NAGAR,52,3153,171,5%,171
17-08-2020,AMBATTUR,36,1882,46,2%,46
17-08-2020,ANNA NAGAR,39,1667,137,8%,137
17-08-2020,TEYNAMPET,47,2377,225,9%,225
17-08-2020,KODAMBAKKAM,41,2458,71,3%,71
17-08-2020,VALASARAVAKKAM,29,1595,78,5%,78
17-08-2020,ALANDUR,31,1133,85,8%,85
17-08-2020,ADYAR,41,2312,164,7%,164
17-08-2020,PERUNGUDI,23,950,143,15%,143
17-08-2020,SOZHINGANALLUR,25,1382,57,4%,57
18-08-2020,THIRUVOTTIYUR,19,817,52,6%,52
18-08-2020,MANALI,12,586,11,2%,11
18-08-2020,MADHAVARAM,16,999,20,2%,20
18-08-2020,TONDIARPET,57,2070,155,7%,155
18-08-2020,ROYAPURAM,35,1393,70,5%,66
18-08-2020,THIRU VI KA NAGAR,52,3135,155,5%,155
18-08-2020,AMBATTUR,35,1965,31,2%,31
18-08-2020,ANNA NAGAR,47,1839,179,10%,170
18-08-2020,TEYNAMPET,52,2487,211,8%,211
18-08-2020,KODAMBAKKAM,39,2000,87,4%,87
18-08-2020,VALASARAVAKKAM,31,1560,112,7%,112
18-08-2020,ALANDUR,31,1065,74,7%,74
18-08-2020,ADYAR,40,2244,172,8%,172
18-08-2020,PERUNGUDI,24,855,114,13%,114
18-08-2020,SOZHINGANALLUR,27,1658,52,3%,52
19-08-2020,THIRUVOTTIYUR,19,736,98,13%,98
19-08-2020,MANALI,9,477,6,1%,6
19-08-2020,MADHAVARAM,14,985,28,3%,28
19-08-2020,TONDIARPET,40,1259,104,8%,104
19-08-2020,ROYAPURAM,40,1789,53,3%,52
19-08-2020,THIRU VI KA NAGAR,50,3239,171,5%,171
19-08-2020,AMBATTUR,38,2176,33,2%,33
19-08-2020,ANNA NAGAR,36,1436,153,11%,153
19-08-2020,TEYNAMPET,53,2684,209,8%,209
19-08-2020,KODAMBAKKAM,42,2219,53,2%,53
19-08-2020,VALASARAVAKKAM,29,1726,120,7%,120
19-08-2020,ALANDUR,31,1213,80,7%,80
19-08-2020,ADYAR,39,2197,174,8%,174
19-08-2020,PERUNGUDI,23,1054,210,20%,210
19-08-2020,SOZHINGANALLUR,27,1577,63,4%,63
20-08-2020,THIRUVOTTIYUR,19,790,110,14%,110
20-08-2020,MANALI,10,567,9,2%,9
20-08-2020,MADHAVARAM,14,933,23,2%,23
20-08-2020,TONDIARPET,52,1826,100,5%,100
20-08-2020,ROYAPURAM,39,1457,74,5%,73
20-08-2020,THIRU VI KA NAGAR,44,2927,123,4%,123
20-08-2020,AMBATTUR,39,1964,25,1%,25
20-08-2020,ANNA NAGAR,41,1573,123,8%,122
20-08-2020,TEYNAMPET,52,2700,316,12%,316
20-08-2020,KODAMBAKKAM,42,2433,44,2%,42
20-08-2020,VALASARAVAKKAM,32,1635,111,7%,111
20-08-2020,ALANDUR,31,1170,103,9%,103
20-08-2020,ADYAR,42,2117,192,9%,190
20-08-2020,PERUNGUDI,27,1028,163,16%,163
20-08-2020,SOZHINGANALLUR,25,1329,51,4%,51
21-08-2020,THIRUVOTTIYUR,20,577,49,8%,49
21-08-2020,MANALI,8,408,3,1%,1
21-08-2020,MADHAVARAM,12,764,40,5%,40
21-08-2020,TONDIARPET,49,1578,119,8%,119
21-08-2020,ROYAPURAM,30,1259,52,4%,52
21-08-2020,THIRU VI KA NAGAR,53,2772,122,4%,122
21-08-2020,AMBATTUR,38,1815,16,1%,16
21-08-2020,ANNA NAGAR,44,1605,157,10%,156
21-08-2020,TEYNAMPET,52,2288,202,9%,202
21-08-2020,KODAMBAKKAM,37,2066,12,1%,12
21-08-2020,VALASARAVAKKAM,31,1540,116,8%,115
21-08-2020,ALANDUR,30,1101,68,6%,68
21-08-2020,ADYAR,40,1806,143,8%,138
21-08-2020,PERUNGUDI,19,778,138,18%,138
21-08-2020,SOZHINGANALLUR,27,1329,50,4%,50
22-08-2020,THIRUVOTTIYUR,19,309,75,24%,75
22-08-2020,MANALI,6,189,4,2%,4
22-08-2020,MADHAVARAM,10,282,27,10%,27
22-08-2020,TONDIARPET,26,790,47,6%,47
22-08-2020,ROYAPURAM,35,966,54,6%,54
22-08-2020,THIRU VI KA NAGAR,42,1165,120,10%,120
22-08-2020,AMBATTUR,29,1027,17,2%,17
22-08-2020,ANNA NAGAR,19,382,53,14%,53
22-08-2020,TEYNAMPET,50,1542,128,8%,126
22-08-2020,KODAMBAKKAM,35,1923,21,1%,21
22-08-2020,VALASARAVAKKAM,31,1045,73,7%,73
22-08-2020,ALANDUR,31,940,39,4%,39
22-08-2020,ADYAR,36,1349,73,5%,72
22-08-2020,PERUNGUDI,14,565,125,22%,125
22-08-2020,SOZHINGANALLUR,16,689,22,3%,22
23-08-2020,THIRUVOTTIYUR,20,368,69,19%,69
23-08-2020,MANALI,4,114,30,26%,30
23-08-2020,MADHAVARAM,15,453,27,6%,27
23-08-2020,TONDIARPET,38,1175,90,8%,90
23-08-2020,ROYAPURAM,31,886,99,11%,99
23-08-2020,THIRU VI KA NAGAR,41,1188,115,10%,115
23-08-2020,AMBATTUR,33,1240,13,1%,13
23-08-2020,ANNA NAGAR,33,1087,174,16%,173
23-08-2020,TEYNAMPET,53,1568,277,18%,277
23-08-2020,KODAMBAKKAM,41,1961,67,3%,67
23-08-2020,VALASARAVAKKAM,30,1047,88,8%,88
23-08-2020,ALANDUR,22,631,53,8%,53
23-08-2020,ADYAR,23,792,120,15%,118
23-08-2020,PERUNGUDI,17,565,104,18%,104
23-08-2020,SOZHINGANALLUR,9,241,17,7%,17
24-08-2020,THIRUVOTTIYUR,21,718,203,28%,203
24-08-2020,MANALI,10,459,2,0%,2
24-08-2020,MADHAVARAM,14,872,54,6%,54
24-08-2020,TONDIARPET,52,1811,121,7%,121
24-08-2020,ROYAPURAM,37,1556,74,5%,74
24-08-2020,THIRU VI KA NAGAR,49,2885,136,5%,136
24-08-2020,AMBATTUR,36,1881,28,1%,28
24-08-2020,ANNA NAGAR,41,1506,171,11%,171
24-08-2020,TEYNAMPET,53,2403,314,13%,314
24-08-2020,KODAMBAKKAM,34,1649,44,3%,44
24-08-2020,VALASARAVAKKAM,28,1564,85,5%,84
24-08-2020,ALANDUR,31,1037,62,6%,62
24-08-2020,ADYAR,45,2618,177,7%,176
24-08-2020,PERUNGUDI,22,792,101,13%,101
24-08-2020,SOZHINGANALLUR,25,1471,39,3%,39
25-08-2020,THIRUVOTTIYUR,21,754,99,13%,99
25-08-2020,MANALI,10,517,19,4%,19
25-08-2020,MADHAVARAM,14,839,87,10%,87
25-08-2020,TONDIARPET,48,1785,88,5%,88
25-08-2020,ROYAPURAM,38,1599,78,5%,77
25-08-2020,THIRU VI KA NAGAR,49,2838,166,6%,166
25-08-2020,AMBATTUR,36,1866,18,1%,18
25-08-2020,ANNA NAGAR,40,1464,215,15%,215
25-08-2020,TEYNAMPET,53,2397,292,12%,292
25-08-2020,KODAMBAKKAM,35,2105,32,2%,32
25-08-2020,VALASARAVAKKAM,30,1555,82,5%,82
25-08-2020,ALANDUR,31,1200,89,7%,89
25-08-2020,ADYAR,47,2669,205,8%,205
25-08-2020,PERUNGUDI,22,915,127,14%,127
25-08-2020,SOZHINGANALLUR,25,1531,41,3%,41
26-08-2020,THIRUVOTTIYUR,19,821,150,18%,150
26-08-2020,MANALI,10,681,11,2%,11
26-08-2020,MADHAVARAM,15,951,86,9%,86
26-08-2020,TONDIARPET,48,1510,57,4%,57
26-08-2020,ROYAPURAM,39,1709,105,6%,105
26-08-2020,THIRU VI KA NAGAR,46,2646,124,5%,124
26-08-2020,AMBATTUR,36,1873,24,1%,24
26-08-2020,ANNA NAGAR,43,1645,171,10%,171
26-08-2020,TEYNAMPET,53,2690,307,11%,307
26-08-2020,KODAMBAKKAM,40,2166,31,1%,31
26-08-2020,VALASARAVAKKAM,31,1753,111,6%,111
26-08-2020,ALANDUR,31,1060,69,7%,69
26-08-2020,ADYAR,42,2335,208,9%,196
26-08-2020,PERUNGUDI,22,825,122,15%,122
26-08-2020,SOZHINGANALLUR,25,1644,36,2%,36
27-08-2020,THIRUVOTTIYUR,21,814,194,24%,194
27-08-2020,MANALI,10,503,4,1%,4
27-08-2020,MADHAVARAM,13,802,94,12%,94
27-08-2020,TONDIARPET,48,1471,40,3%,40
27-08-2020,ROYAPURAM,37,1428,48,3%,48
27-08-2020,THIRU VI KA NAGAR,53,3014,95,3%,95
27-08-2020,AMBATTUR,37,2004,16,1%,16
27-08-2020,ANNA NAGAR,36,1441,179,12%,179
27-08-2020,TEYNAMPET,53,2381,255,11%,255
27-08-2020,KODAMBAKKAM,38,2458,34,1%,34
27-08-2020,VALASARAVAKKAM,33,1458,105,7%,105
27-08-2020,ALANDUR,31,1137,65,6%,65
27-08-2020,ADYAR,40,2318,209,9%,207
27-08-2020,PERUNGUDI,22,904,126,14%,126
27-08-2020,SOZHINGANALLUR,25,1685,41,2%,41
28-08-2020,THIRUVOTTIYUR,17,529,102,19%,102
28-08-2020,MANALI,10,467,11,2%,11
28-08-2020,MADHAVARAM,15,660,63,10%,63
28-08-2020,TONDIARPET,49,1524,61,4%,61
28-08-2020,ROYAPURAM,35,1208,70,6%,60
28-08-2020,THIRU VI KA NAGAR,47,2599,123,5%,123
28-08-2020,AMBATTUR,42,2167,24,1%,24
28-08-2020,ANNA NAGAR,35,1225,107,9%,107
28-08-2020,TEYNAMPET,52,2209,279,13%,279
28-08-2020,KODAMBAKKAM,43,2255,26,1%,26
28-08-2020,VALASARAVAKKAM,32,1426,78,5%,78
28-08-2020,ALANDUR,31,983,53,5%,53
28-08-2020,ADYAR,45,2356,163,7%,163
28-08-2020,PERUNGUDI,26,933,78,8%,78
28-08-2020,SOZHINGANALLUR,25,1362,26,2%,25
29-08-2020,THIRUVOTTIYUR,19,557,91,16%,91
29-08-2020,MANALI,6,286,5,2%,5
29-08-2020,MADHAVARAM,17,851,60,7%,60
29-08-2020,TONDIARPET,46,1547,77,5%,77
29-08-2020,ROYAPURAM,34,1395,68,5%,68
29-08-2020,THIRU VI KA NAGAR,47,2427,117,5%,117
29-08-2020,AMBATTUR,35,1889,14,1%,14
29-08-2020,ANNA NAGAR,37,1214,103,8%,103
29-08-2020,TEYNAMPET,52,2114,221,10%,221
29-08-2020,KODAMBAKKAM,34,1950,52,3%,52
29-08-2020,VALASARAVAKKAM,33,987,73,7%,73
29-08-2020,ALANDUR,31,821,54,7%,54
29-08-2020,ADYAR,42,2159,176,8%,176
29-08-2020,PERUNGUDI,20,675,124,18%,124
29-08-2020,SOZHINGANALLUR,25,1240,40,3%,40
30-08-2020,THIRUVOTTIYUR,16,287,100,35%,100
30-08-2020,MANALI,6,183,2,1%,2
30-08-2020,MADHAVARAM,11,320,13,4%,13
30-08-2020,TONDIARPET,38,1068,34,3%,34
30-08-2020,ROYAPURAM,33,919,104,11%,100
30-08-2020,THIRU VI KA NAGAR,44,1071,107,10%,107
30-08-2020,AMBATTUR,26,815,2,0%,2
30-08-2020,ANNA NAGAR,28,693,75,11%,75
30-08-2020,TEYNAMPET,47,1446,213,15%,213
30-08-2020,KODAMBAKKAM,37,2078,28,1%,28
30-08-2020,VALASARAVAKKAM,27,858,53,6%,53
30-08-2020,ALANDUR,23,966,75,8%,75
30-08-2020,ADYAR,23,549,167,30%,167
30-08-2020,PERUNGUDI,15,416,73,18%,73
30-08-2020,SOZHINGANALLUR,8,181,2,1%,2
31-08-2020,THIRUVOTTIYUR,17,606,110,18%,110
31-08-2020,MANALI,8,470,5,1%,5
31-08-2020,MADHAVARAM,9,523,60,11%,60
31-08-2020,TONDIARPET,43,1417,58,4%,58
31-08-2020,ROYAPURAM,34,1488,62,4%,62
31-08-2020,THIRU VI KA NAGAR,49,2552,109,4%,109
31-08-2020,AMBATTUR,31,1563,19,1%,19
31-08-2020,ANNA NAGAR,35,1165,99,8%,99
31-08-2020,TEYNAMPET,51,2322,245,11%,245
31-08-2020,KODAMBAKKAM,37,2394,45,2%,45
31-08-2020,VALASARAVAKKAM,27,1088,60,6%,60
31-08-2020,ALANDUR,30,750,36,5%,36
31-08-2020,ADYAR,44,2245,153,7%,153
31-08-2020,PERUNGUDI,24,785,118,15%,118
31-08-2020,SOZHINGANALLUR,25,1232,22,,22
01-09-2020,THIRUVOTTIYUR,18,664,118,18%,118
01-09-2020,MANALI,10,510,8,2%,8
01-09-2020,MADHAVARAM,13,745,50,7%,50
01-09-2020,TONDIARPET,45,1584,43,3%,43
01-09-2020,ROYAPURAM,35,1499,79,5%,77
01-09-2020,THIRU VI KA NAGAR,54,2818,102,4%,102
01-09-2020,AMBATTUR,34,2092,14,1%,14
01-09-2020,ANNA NAGAR,43,1545,130,8%,130
01-09-2020,TEYNAMPET,52,2293,240,10%,240
01-09-2020,KODAMBAKKAM,28,1407,32,2%,32
01-09-2020,VALASARAVAKKAM,26,1197,30,3%,30
01-09-2020,ALANDUR,31,829,36,4%,36
01-09-2020,ADYAR,40,2172,169,8%,166
01-09-2020,PERUNGUDI,28,904,101,11%,101
01-09-2020,SOZHINGANALLUR,25,1363,19,1%,19
02-09-2020,THIRUVOTTIYUR,20,770,71,9%,71
02-09-2020,MANALI,10,519,5,1%,5
02-09-2020,MADHAVARAM,12,865,83,10%,83
02-09-2020,TONDIARPET,43,1448,57,4%,57
02-09-2020,ROYAPURAM,36,1670,73,4%,69
02-09-2020,THIRU VI KA NAGAR,40,2532,63,2%,63
02-09-2020,AMBATTUR,32,1788,24,1%,24
02-09-2020,ANNA NAGAR,38,1683,134,8%,132
02-09-2020,TEYNAMPET,52,2525,206,8%,206
02-09-2020,KODAMBAKKAM,32,1575,51,3%,51
02-09-2020,VALASARAVAKKAM,27,1424,69,5%,69
02-09-2020,ALANDUR,31,976,26,3%,26
02-09-2020,ADYAR,40,2242,162,7%,162
02-09-2020,PERUNGUDI,23,754,82,11%,82
02-09-2020,SOZHINGANALLUR,25,1467,16,1%,16
03-09-2020,THIRUVOTTIYUR,18,602,70,12%,70
03-09-2020,MANALI,8,420,5,1%,5
03-09-2020,MADHAVARAM,12,790,64,8%,64
03-09-2020,TONDIARPET,48,1655,33,2%,33
03-09-2020,ROYAPURAM,35,1121,93,8%,90
03-09-2020,THIRU VI KA NAGAR,45,2618,79,3%,79
03-09-2020,AMBATTUR,31,1617,6,0%,6
03-09-2020,ANNA NAGAR,37,1270,121,10%,121
03-09-2020,TEYNAMPET,51,2395,201,8%,192
03-09-2020,KODAMBAKKAM,34,2068,35,2%,25
03-09-2020,VALASARAVAKKAM,29,1258,56,4%,56
03-09-2020,ALANDUR,31,895,37,4%,37
03-09-2020,ADYAR,39,2357,156,7%,156
03-09-2020,PERUNGUDI,22,804,102,13%,102
03-09-2020,SOZHINGANALLUR,25,1312,27,2%,27
04-09-2020,THIRUVOTTIYUR,16,543,65,12%,65
04-09-2020,MANALI,8,369,6,2%,6
04-09-2020,MADHAVARAM,11,669,84,13%,84
04-09-2020,TONDIARPET,45,1461,45,3%,45
04-09-2020,ROYAPURAM,31,1397,53,4%,51
04-09-2020,THIRU VI KA NAGAR,40,2278,76,3%,76
04-09-2020,AMBATTUR,30,1553,7,0%,7
04-09-2020,ANNA NAGAR,41,1444,135,9%,132
04-09-2020,TEYNAMPET,53,2185,353,16%,352
04-09-2020,KODAMBAKKAM,33,1874,54,3%,54
04-09-2020,VALASARAVAKKAM,27,1290,69,5%,69
04-09-2020,ALANDUR,30,828,40,5%,40
04-09-2020,ADYAR,39,2001,152,8%,152
04-09-2020,PERUNGUDI,24,776,128,16%,128
04-09-2020,SOZHINGANALLUR,25,1256,22,2%,22
05-09-2020,THIRUVOTTIYUR,19,519,46,9%,46
05-09-2020,MANALI,6,308,5,2%,5
05-09-2020,MADHAVARAM,11,664,71,11%,71
05-09-2020,TONDIARPET,49,1599,46,3%,46
05-09-2020,ROYAPURAM,32,1547,57,4%,57
05-09-2020,THIRU VI KA NAGAR,41,2229,61,3%,61
05-09-2020,AMBATTUR,30,1488,10,1%,10
05-09-2020,ANNA NAGAR,35,1212,83,7%,83
05-09-2020,TEYNAMPET,51,2328,342,15%,342
05-09-2020,KODAMBAKKAM,31,1812,27,1%,27
05-09-2020,VALASARAVAKKAM,31,1464,51,3%,51
05-09-2020,ALANDUR,30,901,21,2%,21
05-09-2020,ADYAR,40,2154,156,7%,156
05-09-2020,PERUNGUDI,18,586,84,14%,84
05-09-2020,SOZHINGANALLUR,25,1153,29,3%,29
06-09-2020,MANALI,4,62,2,3%,2
06-09-2020,MADHAVARAM,12,307,15,5%,15
06-09-2020,TONDIARPET,45,1055,32,3%,32
06-09-2020,ROYAPURAM,32,694,28,4%,28
06-09-2020,THIRU VI KA NAGAR,37,1077,48,4%,48
06-09-2020,AMBATTUR,26,905,8,1%,8
06-09-2020,ANNA NAGAR,25,493,90,18%,90
06-09-2020,TEYNAMPET,51,1447,308,21%,308
06-09-2020,KODAMBAKKAM,29,1747,15,1%,15
06-09-2020,VALASARAVAKKAM,29,948,51,5%,51
06-09-2020,ALANDUR,22,558,23,4%,23
06-09-2020,ADYAR,19,459,163,36%,160
06-09-2020,PERUNGUDI,22,654,48,7%,48
06-09-2020,SOZHINGANALLUR,9,202,6,3%,6
07-09-2020,THIRUVOTTIYUR,20,496,44,9%,44
07-09-2020,MANALI,8,576,20,3%,20
07-09-2020,MADHAVARAM,11,652,77,12%,77
07-09-2020,TONDIARPET,43,1351,45,3%,45
07-09-2020,ROYAPURAM,35,1440,73,5%,72
07-09-2020,THIRU VI KA NAGAR,41,2554,118,5%,118
07-09-2020,AMBATTUR,30,1544,16,1%,16
07-09-2020,ANNA NAGAR,31,1067,65,6%,65
07-09-2020,TEYNAMPET,53,2346,290,12%,290
07-09-2020,KODAMBAKKAM,39,2067,33,2%,33
07-09-2020,VALASARAVAKKAM,30,1541,33,2%,33
07-09-2020,ALANDUR,27,749,18,2%,18
07-09-2020,ADYAR,42,2157,159,7%,157
07-09-2020,PERUNGUDI,19,558,112,20%,112
07-09-2020,SOZHINGANALLUR,25,1366,45,3%,45
08-09-2020,THIRUVOTTIYUR,18,640,71,11%,71
08-09-2020,MANALI,6,401,24,6%,24
08-09-2020,MADHAVARAM,9,630,59,9%,59
08-09-2020,TONDIARPET,45,1697,50,3%,50
08-09-2020,ROYAPURAM,40,2057,126,6%,121
08-09-2020,THIRU VI KA NAGAR,44,2671,86,3%,86
08-09-2020,AMBATTUR,30,1582,7,0%,7
08-09-2020,ANNA NAGAR,44,1655,121,7%,121
08-09-2020,TEYNAMPET,51,2398,320,13%,320
08-09-2020,KODAMBAKKAM,38,2255,40,2%,40
08-09-2020,VALASARAVAKKAM,31,1436,49,3%,49
08-09-2020,ALANDUR,34,1319,45,3%,45
08-09-2020,ADYAR,44,2207,222,10%,220
08-09-2020,PERUNGUDI,22,771,150,19%,150
08-09-2020,SOZHINGANALLUR,25,1343,32,2%,32
09-09-2020,THIRUVOTTIYUR,17,684,99,14%,99
09-09-2020,MANALI,8,426,16,4%,16
09-09-2020,MADHAVARAM,11,808,71,9%,71
09-09-2020,TONDIARPET,39,1315,60,5%,60
09-09-2020,ROYAPURAM,33,1775,90,5%,90
09-09-2020,THIRU VI KA NAGAR,38,2434,116,5%,116
09-09-2020,AMBATTUR,33,1825,6,0%,6
09-09-2020,ANNA NAGAR,44,1847,107,6%,107
09-09-2020,TEYNAMPET,51,2615,244,9%,244
09-09-2020,KODAMBAKKAM,36,1846,49,3%,49
09-09-2020,VALASARAVAKKAM,28,1624,45,3%,45
09-09-2020,ALANDUR,34,1331,67,5%,67
09-09-2020,ADYAR,42,2139,169,8%,169
09-09-2020,PERUNGUDI,21,710,140,20%,140
09-09-2020,SOZHINGANALLUR,25,1441,33,2%,33
10-09-2020,THIRUVOTTIYUR,16,530,71,13%,71
10-09-2020,MANALI,8,487,19,4%,19
10-09-2020,MADHAVARAM,12,798,72,9%,72
10-09-2020,TONDIARPET,45,1630,53,3%,53
10-09-2020,ROYAPURAM,37,1792,112,6%,112
10-09-2020,THIRU VI KA NAGAR,38,2507,85,3%,85
10-09-2020,AMBATTUR,34,1855,14,1%,14
10-09-2020,ANNA NAGAR,44,1663,138,8%,138
10-09-2020,TEYNAMPET,52,2324,272,12%,272
10-09-2020,KODAMBAKKAM,40,2070,34,2%,34
10-09-2020,VALASARAVAKKAM,31,1586,70,4%,70
10-09-2020,ALANDUR,32,1114,54,5%,54
10-09-2020,ADYAR,39,2023,182,9%,182
10-09-2020,PERUNGUDI,24,802,192,24%,192
10-09-2020,SOZHINGANALLUR,25,1359,30,2%,29
11-09-2020,THIRUVOTTIYUR,17,520,90,17%,90
11-09-2020,MANALI,6,437,21,5%,21
11-09-2020,MADHAVARAM,14,724,51,7%,51
11-09-2020,TONDIARPET,45,1548,45,3%,45
11-09-2020,ROYAPURAM,32,1797,81,5%,62
11-09-2020,THIRU VI KA NAGAR,39,2207,122,6%,122
11-09-2020,AMBATTUR,36,1781,15,1%,15
11-09-2020,ANNA NAGAR,41,1349,118,9%,118
11-09-2020,TEYNAMPET,52,2322,303,13%,303
11-09-2020,KODAMBAKKAM,30,1768,28,2%,28
11-09-2020,VALASARAVAKKAM,32,1480,77,5%,77
11-09-2020,ALANDUR,32,1134,56,5%,56
11-09-2020,ADYAR,37,1907,191,10%,190
11-09-2020,PERUNGUDI,24,759,117,15%,117
11-09-2020,SOZHINGANALLUR,25,1270,25,2%,25
12-09-2020,THIRUVOTTIYUR,17,523,41,8%,41
12-09-2020,MANALI,4,302,16,5%,16
12-09-2020,MADHAVARAM,14,739,43,6%,43
12-09-2020,TONDIARPET,48,1484,58,4%,58
12-09-2020,ROYAPURAM,32,1295,47,4%,47
12-09-2020,THIRU VI KA NAGAR,41,2155,88,4%,88
12-09-2020,AMBATTUR,28,1444,8,1%,8
12-09-2020,ANNA NAGAR,29,1005,62,6%,62
12-09-2020,TEYNAMPET,51,2016,269,13%,269
12-09-2020,KODAMBAKKAM,43,2311,41,2%,41
12-09-2020,VALASARAVAKKAM,30,1355,60,4%,60
12-09-2020,ALANDUR,28,952,59,6%,59
12-09-2020,ADYAR,34,1603,191,12%,191
12-09-2020,PERUNGUDI,22,804,171,21%,171
12-09-2020,SOZHINGANALLUR,25,1210,19,2%,19
13-09-2020,THIRUVOTTIYUR,15,214,47,22%,47
13-09-2020,MANALI,4,154,4,3%,4
13-09-2020,MADHAVARAM,11,292,18,6%,18
13-09-2020,TONDIARPET,35,762,25,3%,25
13-09-2020,ROYAPURAM,32,681,13,2%,13
13-09-2020,THIRU VI KA NAGAR,32,787,74,9%,74
13-09-2020,AMBATTUR,25,722,3,0%,3
13-09-2020,ANNA NAGAR,29,699,88,13%,88
13-09-2020,TEYNAMPET,47,1334,274,21%,271
13-09-2020,KODAMBAKKAM,31,1413,22,2%,22
13-09-2020,VALASARAVAKKAM,24,782,25,3%,25
13-09-2020,ALANDUR,26,586,14,2%,14
13-09-2020,ADYAR,23,525,97,18%,97
13-09-2020,PERUNGUDI,13,550,130,24%,130
13-09-2020,SOZHINGANALLUR,9,181,1,1%,0
14-09-2020,THIRUVOTTIYUR,16,513,51,10%,51
14-09-2020,MANALI,4,203,12,6%,12
14-09-2020,MADHAVARAM,12,758,76,10%,76
14-09-2020,TONDIARPET,39,1197,53,4%,53
14-09-2020,ROYAPURAM,30,1571,51,3%,49
14-09-2020,THIRU VI KA NAGAR,43,2647,86,3%,86
14-09-2020,AMBATTUR,35,1811,15,1%,15
14-09-2020,ANNA NAGAR,38,1521,118,8%,118
14-09-2020,TEYNAMPET,51,2106,261,12%,261
14-09-2020,KODAMBAKKAM,39,2103,23,1%,8
14-09-2020,VALASARAVAKKAM,31,1480,50,3%,50
14-09-2020,ALANDUR,34,1054,44,4%,44
14-09-2020,ADYAR,40,1788,155,9%,155
14-09-2020,PERUNGUDI,20,749,135,18%,135
14-09-2020,SOZHINGANALLUR,25,1294,30,2%,30
15-09-2020,THIRUVOTTIYUR,18,679,69,10%,69
15-09-2020,MANALI,4,253,19,8%,19
15-09-2020,MADHAVARAM,12,777,86,11%,86
15-09-2020,TONDIARPET,38,1250,42,3%,42
15-09-2020,ROYAPURAM,23,1134,60,5%,60
15-09-2020,THIRU VI KA NAGAR,43,2521,88,3%,88
15-09-2020,AMBATTUR,30,1369,23,2%,23
15-09-2020,ANNA NAGAR,39,1636,84,5%,84
15-09-2020,TEYNAMPET,50,2332,265,11%,265
15-09-2020,KODAMBAKKAM,35,1076,49,5%,49
15-09-2020,VALASARAVAKKAM,29,1216,33,3%,33
15-09-2020,ALANDUR,34,1009,37,4%,37
15-09-2020,ADYAR,39,2119,173,8%,173
15-09-2020,PERUNGUDI,26,847,158,19%,158
15-09-2020,SOZHINGANALLUR,25,1318,23,2%,23
16-09-2020,THIRUVOTTIYUR,15,548,75,14%,75
16-09-2020,MANALI,4,292,21,7%,21
16-09-2020,MADHAVARAM,11,779,66,8%,66
16-09-2020,TONDIARPET,38,1228,38,3%,38
16-09-2020,ROYAPURAM,30,1420,50,4%,50
16-09-2020,THIRU VI KA NAGAR,37,2598,94,4%,94
16-09-2020,AMBATTUR,31,1806,16,1%,16
16-09-2020,ANNA NAGAR,39,1566,68,4%,68
16-09-2020,TEYNAMPET,47,2336,249,11%,249
16-09-2020,KODAMBAKKAM,36,1731,40,2%,40
16-09-2020,VALASARAVAKKAM,28,1566,43,3%,43
16-09-2020,ALANDUR,36,1329,49,4%,49
16-09-2020,ADYAR,39,1880,130,7%,128
16-09-2020,PERUNGUDI,26,866,146,17%,146
16-09-2020,SOZHINGANALLUR,25,1423,16,1%,16
17-09-2020,THIRUVOTTIYUR,12,419,22,5%,22
17-09-2020,MANALI,8,405,10,2%,10
17-09-2020,MADHAVARAM,10,622,48,8%,48
17-09-2020,TONDIARPET,43,1642,47,3%,47
17-09-2020,ROYAPURAM,28,1212,34,3%,34
17-09-2020,THIRU VI KA NAGAR,37,2214,74,3%,74
17-09-2020,AMBATTUR,32,1571,24,2%,24
17-09-2020,ANNA NAGAR,47,1870,127,7%,127
17-09-2020,TEYNAMPET,49,1942,197,10%,197
17-09-2020,KODAMBAKKAM,41,1874,42,2%,40
17-09-2020,VALASARAVAKKAM,30,1234,41,3%,41
17-09-2020,ALANDUR,36,1148,43,4%,43
17-09-2020,ADYAR,38,1884,165,9%,163
17-09-2020,PERUNGUDI,24,772,120,16%,120
17-09-2020,SOZHINGANALLUR,25,1315,27,2%,27
18-09-2020,THIRUVOTTIYUR,13,462,47,10%,47
18-09-2020,MANALI,8,438,6,1%,6
18-09-2020,MADHAVARAM,11,691,74,11%,74
18-09-2020,TONDIARPET,47,1523,45,3%,45
18-09-2020,ROYAPURAM,27,1151,45,4%,45
18-09-2020,THIRU VI KA NAGAR,43,2399,77,3%,77
18-09-2020,AMBATTUR,33,1481,14,1%,14
18-09-2020,ANNA NAGAR,38,1572,96,6%,96
18-09-2020,TEYNAMPET,49,2270,185,8%,185
18-09-2020,KODAMBAKKAM,34,1574,55,3%,51
18-09-2020,VALASARAVAKKAM,29,1383,33,2%,33
18-09-2020,ALANDUR,30,1037,40,4%,40
18-09-2020,ADYAR,39,1990,171,9%,171
18-09-2020,PERUNGUDI,26,916,166,18%,166
18-09-2020,SOZHINGANALLUR,25,1147,10,1%,10
19-09-2020,THIRUVOTTIYUR,15,414,68,16%,68
19-09-2020,MANALI,6,428,16,4%,16
19-09-2020,MADHAVARAM,10,612,56,9%,56
19-09-2020,TONDIARPET,41,1405,40,3%,40
19-09-2020,ROYAPURAM,29,1230,46,4%,46
19-09-2020,THIRU VI KA NAGAR,43,2192,76,3%,76
19-09-2020,AMBATTUR,36,1590,9,1%,9
19-09-2020,ANNA NAGAR,41,1554,86,6%,86
19-09-2020,TEYNAMPET,47,2138,186,9%,186
19-09-2020,KODAMBAKKAM,31,1280,37,3%,37
19-09-2020,VALASARAVAKKAM,31,1336,16,1%,16
19-09-2020,ALANDUR,36,992,25,3%,25
19-09-2020,ADYAR,39,1817,139,8%,139
19-09-2020,PERUNGUDI,19,623,138,22%,129
19-09-2020,SOZHINGANALLUR,25,1213,24,2%,24
20-09-2020,THIRUVOTTIYUR,15,159,25,16%,25
20-09-2020,MANALI,4,75,5,7%,5
20-09-2020,MADHAVARAM,9,226,14,6%,14
20-09-2020,TONDIARPET,42,808,26,3%,26
20-09-2020,ROYAPURAM,30,599,47,8%,47
20-09-2020,THIRU VI KA NAGAR,41,1146,53,5%,53
20-09-2020,AMBATTUR,30,881,5,1%,5
20-09-2020,ANNA NAGAR,20,445,38,9%,38
20-09-2020,TEYNAMPET,47,1458,274,19%,274
20-09-2020,KODAMBAKKAM,29,1344,22,2%,22
20-09-2020,VALASARAVAKKAM,21,716,17,2%,17
20-09-2020,ALANDUR,26,424,13,3%,13
20-09-2020,ADYAR,23,656,72,11%,72
20-09-2020,PERUNGUDI,14,525,43,8%,43
20-09-2020,SOZHINGANALLUR,7,134,0,0%,0
21-09-2020,THIRUVOTTIYUR,14,527,81,15%,81
21-09-2020,MANALI,8,497,18,4%,18
21-09-2020,MADHAVARAM,11,781,48,6%,48
21-09-2020,TONDIARPET,47,1781,50,3%,50
21-09-2020,ROYAPURAM,30,1309,77,6%,77
21-09-2020,THIRU VI KA NAGAR,44,2251,95,4%,95
21-09-2020,AMBATTUR,37,1758,11,1%,11
21-09-2020,ANNA NAGAR,30,1573,73,5%,73
21-09-2020,TEYNAMPET,47,2249,309,14%,309
21-09-2020,KODAMBAKKAM,34,1707,35,2%,35
21-09-2020,VALASARAVAKKAM,24,1422,52,4%,52
21-09-2020,ALANDUR,34,1200,32,3%,32
21-09-2020,ADYAR,40,2244,173,8%,169
21-09-2020,PERUNGUDI,24,789,147,19%,146
21-09-2020,SOZHINGANALLUR,25,1413,23,2%,20
22-09-2020,THIRUVOTTIYUR,16,554,49,9%,49
22-09-2020,MANALI,6,402,15,4%,15
22-09-2020,MADHAVARAM,11,715,42,6%,42
22-09-2020,TONDIARPET,41,1493,39,3%,39
22-09-2020,ROYAPURAM,30,1394,58,4%,58
22-09-2020,THIRU VI KA NAGAR,40,2458,83,3%,83
22-09-2020,AMBATTUR,32,1500,17,1%,17
22-09-2020,ANNA NAGAR,45,1997,89,4%,89
22-09-2020,TEYNAMPET,51,2268,256,11%,256
22-09-2020,KODAMBAKKAM,28,1257,40,3%,40
22-09-2020,VALASARAVAKKAM,22,1125,31,3%,31
22-09-2020,ALANDUR,32,969,33,3%,33
22-09-2020,ADYAR,38,1930,149,8%,147
22-09-2020,PERUNGUDI,24,787,159,20%,159
22-09-2020,SOZHINGANALLUR,25,1261,23,2%,23
23-09-2020,THIRUVOTTIYUR,12,516,25,5%,25
23-09-2020,MANALI,8,504,20,4%,20
23-09-2020,MADHAVARAM,11,789,46,6%,46
23-09-2020,TONDIARPET,41,1314,55,4%,55
23-09-2020,ROYAPURAM,30,1499,47,3%,47
23-09-2020,THIRU VI KA NAGAR,45,2698,102,4%,102
23-09-2020,AMBATTUR,28,1360,14,1%,14
23-09-2020,ANNA NAGAR,45,2101,97,5%,97
23-09-2020,TEYNAMPET,51,2482,221,9%,221
23-09-2020,KODAMBAKKAM,33,1476,43,3%,43
23-09-2020,VALASARAVAKKAM,24,1391,37,3%,37
23-09-2020,ALANDUR,28,1025,31,3%,31
23-09-2020,ADYAR,43,2311,139,6%,139
23-09-2020,PERUNGUDI,20,694,100,14%,100
23-09-2020,SOZHINGANALLUR,25,1413,40,3%,40
24-09-2020,THIRUVOTTIYUR,12,502,25,5%,25
24-09-2020,MANALI,7,428,27,6%,27
24-09-2020,MADHAVARAM,13,731,39,5%,39
24-09-2020,TONDIARPET,44,1387,49,4%,49
24-09-2020,ROYAPURAM,33,1625,89,5%,89
24-09-2020,THIRU VI KA NAGAR,40,2451,87,4%,87
24-09-2020,AMBATTUR,32,1583,15,1%,15
24-09-2020,ANNA NAGAR,45,1807,101,6%,101
24-09-2020,TEYNAMPET,51,2051,236,12%,236
24-09-2020,KODAMBAKKAM,36,1556,35,2%,35
24-09-2020,VALASARAVAKKAM,27,1266,33,3%,33
24-09-2020,ALANDUR,30,831,23,3%,23
24-09-2020,ADYAR,40,2282,169,7%,168
24-09-2020,PERUNGUDI,26,866,145,17%,145
24-09-2020,SOZHINGANALLUR,25,1281,36,3%,36
25-09-2020,THIRUVOTTIYUR,11,488,39,8%,39
25-09-2020,MANALI,4,308,18,6%,18
25-09-2020,MADHAVARAM,13,780,19,2%,19
25-09-2020,TONDIARPET,44,1418,79,6%,79
25-09-2020,ROYAPURAM,36,1777,53,3%,53
25-09-2020,THIRU VI KA NAGAR,40,2472,111,4%,111
25-09-2020,AMBATTUR,30,1424,9,1%,9
25-09-2020,ANNA NAGAR,42,1778,113,6%,113
25-09-2020,TEYNAMPET,51,2100,229,11%,229
25-09-2020,KODAMBAKKAM,25,1244,14,1%,14
25-09-2020,VALASARAVAKKAM,25,1282,29,2%,29
25-09-2020,ALANDUR,34,992,38,4%,38
25-09-2020,ADYAR,37,1802,164,9%,162
25-09-2020,PERUNGUDI,19,552,109,20%,109
25-09-2020,SOZHINGANALLUR,25,1289,31,2%,31
26-09-2020,THIRUVOTTIYUR,13,376,25,7%,25
26-09-2020,MANALI,4,349,10,3%,10
26-09-2020,MADHAVARAM,13,633,46,7%,46
26-09-2020,TONDIARPET,42,1378,54,4%,54
26-09-2020,ROYAPURAM,35,1764,51,3%,51
26-09-2020,THIRU VI KA NAGAR,37,2075,99,5%,99
26-09-2020,AMBATTUR,34,1561,14,1%,14
26-09-2020,ANNA NAGAR,35,1506,58,4%,58
26-09-2020,TEYNAMPET,51,2096,218,10%,218
26-09-2020,KODAMBAKKAM,29,1445,8,1%,8
26-09-2020,VALASARAVAKKAM,26,1251,61,5%,61
26-09-2020,ALANDUR,26,951,56,6%,56
26-09-2020,ADYAR,37,1784,153,9%,153
26-09-2020,PERUNGUDI,24,662,76,11%,76
26-09-2020,SOZHINGANALLUR,25,1224,28,2%,28
27-09-2020,THIRUVOTTIYUR,11,89,22,25%,22
27-09-2020,MANALI,4,109,1,1%,1
27-09-2020,MADHAVARAM,10,274,14,5%,14
27-09-2020,TONDIARPET,39,810,17,2%,17
27-09-2020,ROYAPURAM,37,825,52,6%,52
27-09-2020,THIRU VI KA NAGAR,30,739,44,6%,44
27-09-2020,AMBATTUR,28,923,12,1%,12
27-09-2020,ANNA NAGAR,29,644,77,12%,77
27-09-2020,TEYNAMPET,47,1439,182,13%,178
27-09-2020,KODAMBAKKAM,29,1224,29,2%,29
27-09-2020,VALASARAVAKKAM,23,607,21,3%,21
27-09-2020,ALANDUR,23,336,13,4%,13
27-09-2020,ADYAR,23,676,85,13%,85
27-09-2020,PERUNGUDI,14,421,81,19%,71
27-09-2020,SOZHINGANALLUR,9,196,9,5%,9
28-09-2020,THIRUVOTTIYUR,14,443,109,25%,109
28-09-2020,MANALI,4,294,13,4%,13
28-09-2020,MADHAVARAM,10,693,56,8%,56
28-09-2020,TONDIARPET,47,1783,87,5%,87
28-09-2020,ROYAPURAM,33,1957,105,5%,105
28-09-2020,THIRU VI KA NAGAR,40,2435,105,4%,105
28-09-2020,AMBATTUR,33,1811,25,1%,25
28-09-2020,ANNA NAGAR,40,2026,100,5%,100
28-09-2020,TEYNAMPET,51,2352,227,10%,227
28-09-2020,KODAMBAKKAM,27,1338,33,2%,33
28-09-2020,VALASARAVAKKAM,24,1269,48,4%,48
28-09-2020,ALANDUR,32,1044,68,7%,68
28-09-2020,ADYAR,40,2203,165,7%,164
28-09-2020,PERUNGUDI,22,793,125,16%,125
28-09-2020,SOZHINGANALLUR,24,1317,20,2%,20
29-09-2020,THIRUVOTTIYUR,12,566,65,11%,65
29-09-2020,MANALI,4,326,16,5%,16
29-09-2020,MADHAVARAM,10,710,52,7%,52
29-09-2020,TONDIARPET,41,1520,85,6%,85
29-09-2020,ROYAPURAM,30,1636,62,4%,62
29-09-2020,THIRU VI KA NAGAR,37,2380,90,4%,90
29-09-2020,AMBATTUR,32,1617,17,1%,17
29-09-2020,ANNA NAGAR,48,2196,132,6%,132
29-09-2020,TEYNAMPET,51,2353,218,9%,218
29-09-2020,KODAMBAKKAM,30,1496,21,1%,21
29-09-2020,VALASARAVAKKAM,24,1176,47,4%,47
29-09-2020,ALANDUR,32,1016,66,6%,66
29-09-2020,ADYAR,41,1884,158,8%,151
29-09-2020,PERUNGUDI,24,770,103,13%,103
29-09-2020,SOZHINGANALLUR,25,1296,26,2%,26
30-09-2020,THIRUVOTTIYUR,12,525,72,14%,72
30-09-2020,MANALI,4,290,12,4%,12
30-09-2020,MADHAVARAM,11,857,33,4%,33
30-09-2020,TONDIARPET,38,1252,41,3%,41
30-09-2020,ROYAPURAM,31,1790,77,4%,77
30-09-2020,THIRU VI KA NAGAR,35,2241,69,3%,69
30-09-2020,AMBATTUR,31,1546,19,1%,19
30-09-2020,ANNA NAGAR,42,1752,79,5%,79
30-09-2020,TEYNAMPET,51,2275,213,9%,213
30-09-2020,KODAMBAKKAM,34,1707,35,2%,35
30-09-2020,VALASARAVAKKAM,29,1323,34,3%,34
30-09-2020,ALANDUR,34,1094,42,4%,42
30-09-2020,ADYAR,37,1776,151,9%,151
30-09-2020,PERUNGUDI,20,865,120,14%,120
30-09-2020,SOZHINGANALLUR,25,1258,25,2%,25
01-10-2020,THIRUVOTTIYUR,12,193,61,32%,61
01-10-2020,MANALI,4,270,9,3%,9
01-10-2020,MADHAVARAM,13,785,42,5%,42
01-10-2020,TONDIARPET,41,1200,38,3%,38
01-10-2020,ROYAPURAM,33,1738,89,5%,89
01-10-2020,THIRU VI KA NAGAR,39,2420,89,4%,89
01-10-2020,AMBATTUR,30,1334,10,1%,10
01-10-2020,ANNA NAGAR,51,2086,131,6%,131
01-10-2020,TEYNAMPET,51,2025,221,11%,221
01-10-2020,KODAMBAKKAM,39,2103,23,1%,8
01-10-2020,VALASARAVAKKAM,26,1261,44,3%,44
01-10-2020,ALANDUR,34,1020,56,5%,56
01-10-2020,ADYAR,40,1748,158,9%,154
01-10-2020,PERUNGUDI,24,805,100,12%,100
01-10-2020,SOZHINGANALLUR,25,1076,22,2%,22
02-10-2020,THIRUVOTTIYUR,13,408,44,11%,44
02-10-2020,MANALI,4,280,6,2%,6
02-10-2020,MADHAVARAM,11,485,53,11%,53
02-10-2020,TONDIARPET,47,1535,43,3%,43
02-10-2020,ROYAPURAM,32,1334,76,6%,76
02-10-2020,THIRU VI KA NAGAR,32,1500,72,5%,69
02-10-2020,AMBATTUR,29,1106,10,1%,10
02-10-2020,ANNA NAGAR,38,1378,65,5%,65
02-10-2020,TEYNAMPET,51,2011,228,11%,228
02-10-2020,KODAMBAKKAM,36,1846,49,3%,49
02-10-2020,VALASARAVAKKAM,24,849,26,3%,26
02-10-2020,ALANDUR,32,736,29,4%,29
02-10-2020,ADYAR,34,1297,130,10%,129
02-10-2020,PERUNGUDI,22,773,95,12%,95
02-10-2020,SOZHINGANALLUR,23,921,14,2%,14
03-10-2020,THIRUVOTTIYUR,13,475,53,11%,53
03-10-2020,MANALI,4,279,9,3%,9
03-10-2020,MADHAVARAM,13,663,40,6%,40
03-10-2020,TONDIARPET,41,1361,105,8%,105
03-10-2020,ROYAPURAM,32,1474,86,6%,86
03-10-2020,THIRU VI KA NAGAR,32,1878,83,4%,83
03-10-2020,AMBATTUR,32,1444,12,1%,12
03-10-2020,ANNA NAGAR,27,1296,65,5%,65
03-10-2020,TEYNAMPET,49,2030,197,10%,197
03-10-2020,KODAMBAKKAM,31,1812,27,1%,27
03-10-2020,VALASARAVAKKAM,26,1068,24,2%,24
03-10-2020,ALANDUR,30,864,29,3%,28
03-10-2020,ADYAR,40,1844,140,8%,140
03-10-2020,PERUNGUDI,16,538,85,16%,85
03-10-2020,SOZHINGANALLUR,23,899,22,2%,22
04-10-2020,THIRUVOTTIYUR,12,158,63,40%,63
04-10-2020,MANALI,4,101,8,8%,8
04-10-2020,MADHAVARAM,12,252,28,11%,28
04-10-2020,TONDIARPET,47,949,57,6%,57
04-10-2020,ROYAPURAM,33,857,43,5%,43
04-10-2020,THIRU VI KA NAGAR,31,753,38,5%,38
04-10-2020,AMBATTUR,27,768,3,0%,3
04-10-2020,ANNA NAGAR,24,613,45,7%,45
04-10-2020,TEYNAMPET,50,1444,217,15%,217
04-10-2020,KODAMBAKKAM,36,1556,35,2%,35
04-10-2020,VALASARAVAKKAM,22,679,31,5%,31
04-10-2020,ALANDUR,24,351,3,1%,3
04-10-2020,ADYAR,23,606,104,17%,104
04-10-2020,PERUNGUDI,14,602,77,13%,77
04-10-2020,SOZHINGANALLUR,8,119,0,0%,0
05-10-2020,THIRUVOTTIYUR,14,576,95,16%,95
05-10-2020,MANALI,4,332,16,5%,16
05-10-2020,MADHAVARAM,10,636,64,10%,64
05-10-2020,TONDIARPET,47,1376,102,7%,102
05-10-2020,ROYAPURAM,32,1822,85,5%,85
05-10-2020,THIRU VI KA NAGAR,40,2639,94,4%,94
05-10-2020,AMBATTUR,31,1454,17,1%,17
05-10-2020,ANNA NAGAR,37,1558,55,4%,55
05-10-2020,TEYNAMPET,51,2632,279,11%,279
05-10-2020,KODAMBAKKAM,36,1683,22,1%,22
05-10-2020,VALASARAVAKKAM,26,1305,39,3%,39
05-10-2020,ALANDUR,30,972,45,5%,45
05-10-2020,ADYAR,39,1927,181,9%,181
05-10-2020,PERUNGUDI,24,831,162,19%,162
05-10-2020,SOZHINGANALLUR,23,1213,17,1%,17
06-10-2020,THIRUVOTTIYUR,14,674,70,10%,70
06-10-2020,MANALI,4,328,7,2%,7
06-10-2020,MADHAVARAM,10,789,65,8%,65
06-10-2020,TONDIARPET,44,1518,47,3%,47
06-10-2020,ROYAPURAM,32,1616,66,4%,66
06-10-2020,THIRU VI KA NAGAR,35,2484,78,3%,78
06-10-2020,AMBATTUR,32,1603,22,1%,22
06-10-2020,ANNA NAGAR,44,1919,94,5%,94
06-10-2020,TEYNAMPET,51,2276,216,9%,216
06-10-2020,KODAMBAKKAM,33,1979,54,3%,54
06-10-2020,VALASARAVAKKAM,25,1299,71,5%,71
06-10-2020,ALANDUR,30,1000,40,4%,40
06-10-2020,ADYAR,38,1944,176,9%,176
06-10-2020,PERUNGUDI,26,982,126,13%,126
06-10-2020,SOZHINGANALLUR,23,670,26,4%,26
07-10-2020,THIRUVOTTIYUR,13,588,52,9%,52
07-10-2020,MANALI,4,371,10,3%,10
07-10-2020,MADHAVARAM,10,798,51,6%,51
07-10-2020,TONDIARPET,47,1651,44,3%,44
07-10-2020,ROYAPURAM,30,1727,71,4%,71
07-10-2020,THIRU VI KA NAGAR,34,2363,76,3%,76
07-10-2020,AMBATTUR,31,1683,19,1%,19
07-10-2020,ANNA NAGAR,41,1858,93,5%,93
07-10-2020,TEYNAMPET,51,2447,201,8%,201
07-10-2020,KODAMBAKKAM,19,998,36,4%,36
07-10-2020,VALASARAVAKKAM,28,1506,71,5%,71
07-10-2020,ALANDUR,28,1134,27,2%,27
07-10-2020,ADYAR,43,2187,199,9%,198
07-10-2020,PERUNGUDI,24,857,123,14%,123
07-10-2020,SOZHINGANALLUR,21,1211,18,1%,18
08-10-2020,THIRUVOTTIYUR,11,550,44,8%,44
08-10-2020,MANALI,6,363,10,3%,10
08-10-2020,MADHAVARAM,14,778,49,6%,49
08-10-2020,TONDIARPET,47,1540,43,3%,43
08-10-2020,ROYAPURAM,34,1937,75,4%,75
08-10-2020,THIRU VI KA NAGAR,30,2126,69,3%,69
08-10-2020,AMBATTUR,27,1354,23,2%,23
08-10-2020,ANNA NAGAR,43,2016,80,4%,80
08-10-2020,TEYNAMPET,50,1996,220,11%,220
08-10-2020,KODAMBAKKAM,21,1021,21,2%,21
08-10-2020,VALASARAVAKKAM,25,1278,61,5%,61
08-10-2020,ALANDUR,32,884,44,5%,44
08-10-2020,ADYAR,34,1757,42,2%,42
08-10-2020,PERUNGUDI,24,841,130,15%,130
08-10-2020,SOZHINGANALLUR,25,1436,13,1%,13
09-10-2020,THIRUVOTTIYUR,10,336,18,5%,18
09-10-2020,MANALI,6,387,12,3%,12
09-10-2020,MADHAVARAM,13,661,25,4%,25
09-10-2020,TONDIARPET,44,1807,34,2%,34
09-10-2020,ROYAPURAM,34,2047,74,4%,74
09-10-2020,THIRU VI KA NAGAR,32,1983,79,4%,79
09-10-2020,AMBATTUR,32,1452,16,1%,16
09-10-2020,ANNA NAGAR,37,1771,85,5%,85
09-10-2020,TEYNAMPET,51,1936,242,13%,242
09-10-2020,KODAMBAKKAM,25,1564,40,3%,40
09-10-2020,VALASARAVAKKAM,27,1387,83,6%,83
09-10-2020,ALANDUR,28,933,36,4%,36
09-10-2020,ADYAR,40,2034,172,8%,172
09-10-2020,PERUNGUDI,20,708,124,18%,124
09-10-2020,SOZHINGANALLUR,23,1072,12,1%,12
10-10-2020,THIRUVOTTIYUR,11,408,57,14%,57
10-10-2020,MANALI,4,310,10,3%,10
10-10-2020,MADHAVARAM,10,423,41,10%,41
10-10-2020,TONDIARPET,42,1628,40,2%,40
10-10-2020,ROYAPURAM,31,1599,47,3%,47
10-10-2020,THIRU VI KA NAGAR,29,1628,53,3%,53
10-10-2020,AMBATTUR,28,1345,16,1%,16
10-10-2020,ANNA NAGAR,32,1322,50,4%,50
10-10-2020,TEYNAMPET,49,2143,223,10%,223
10-10-2020,KODAMBAKKAM,30,1775,26,1%,26
10-10-2020,VALASARAVAKKAM,26,1117,54,5%,54
10-10-2020,ALANDUR,26,739,14,2%,14
10-10-2020,ADYAR,36,1962,126,6%,126
10-10-2020,PERUNGUDI,20,841,106,13%,106
10-10-2020,SOZHINGANALLUR,21,1252,14,1%,14
11-10-2020,THIRUVOTTIYUR,11,163,75,46%,75
11-10-2020,MANALI,4,88,1,1%,1
11-10-2020,MADHAVARAM,9,235,10,4%,10
11-10-2020,TONDIARPET,39,1188,24,2%,24
11-10-2020,ROYAPURAM,28,700,33,5%,33
11-10-2020,THIRU VI KA NAGAR,28,669,52,8%,52
11-10-2020,AMBATTUR,25,757,1,0%,1
11-10-2020,ANNA NAGAR,21,604,21,3%,21
11-10-2020,TEYNAMPET,49,1358,181,13%,181
11-10-2020,KODAMBAKKAM,32,1550,35,2%,35
11-10-2020,VALASARAVAKKAM,25,699,16,2%,16
11-10-2020,ALANDUR,24,398,11,3%,11
11-10-2020,ADYAR,32,1400,147,11%,147
11-10-2020,PERUNGUDI,14,414,53,13%,53
11-10-2020,SOZHINGANALLUR,8,162,0,0%,0
12-10-2020,THIRUVOTTIYUR,11,408,47,12%,47
12-10-2020,MANALI,4,339,4,1%,4
12-10-2020,MADHAVARAM,9,610,49,8%,49
12-10-2020,TONDIARPET,41,1634,53,3%,53
12-10-2020,ROYAPURAM,36,2070,83,4%,83
12-10-2020,THIRU VI KA NAGAR,32,2148,66,3%,66
12-10-2020,AMBATTUR,31,1643,9,1%,9
12-10-2020,ANNA NAGAR,41,1845,66,4%,66
12-10-2020,TEYNAMPET,47,1928,203,11%,203
12-10-2020,KODAMBAKKAM,34,1455,34,2%,34
12-10-2020,VALASARAVAKKAM,23,1351,63,5%,63
12-10-2020,ALANDUR,28,965,49,5%,49
12-10-2020,ADYAR,43,2201,192,9%,192
12-10-2020,PERUNGUDI,22,653,112,17%,112
12-10-2020,SOZHINGANALLUR,15,867,15,2%,15
13-10-2020,THIRUVOTTIYUR,12,541,62,11%,62
13-10-2020,MANALI,4,316,10,3%,10
13-10-2020,MADHAVARAM,13,745,32,4%,32
13-10-2020,TONDIARPET,39,1572,19,1%,19
13-10-2020,ROYAPURAM,28,1665,49,3%,49
13-10-2020,THIRU VI KA NAGAR,30,2128,70,3%,70
13-10-2020,AMBATTUR,30,1427,15,1%,15
13-10-2020,ANNA NAGAR,43,1988,47,2%,47
13-10-2020,TEYNAMPET,49,1956,196,10%,196
13-10-2020,KODAMBAKKAM,28,1533,14,1%,14
13-10-2020,VALASARAVAKKAM,24,1307,63,5%,63
13-10-2020,ALANDUR,28,823,39,5%,39
13-10-2020,ADYAR,38,1879,219,12%,219
13-10-2020,PERUNGUDI,24,842,76,9%,76
13-10-2020,SOZHINGANALLUR,17,1042,14,1%,14
14-10-2020,THIRUVOTTIYUR,10,591,38,6%,38
14-10-2020,MANALI,4,335,11,3%,11
14-10-2020,MADHAVARAM,11,735,30,4%,30
14-10-2020,TONDIARPET,39,1605,35,2%,35
14-10-2020,ROYAPURAM,30,1936,33,2%,33
14-10-2020,THIRU VI KA NAGAR,26,2165,50,2%,50
14-10-2020,AMBATTUR,30,1585,12,1%,12
14-10-2020,ANNA NAGAR,41,2110,57,3%,57
14-10-2020,TEYNAMPET,49,963,174,18%,174
14-10-2020,KODAMBAKKAM,30,1842,50,3%,50
14-10-2020,VALASARAVAKKAM,28,1630,66,4%,66
14-10-2020,ALANDUR,28,1060,33,3%,33
14-10-2020,ADYAR,41,2139,183,9%,183
14-10-2020,PERUNGUDI,20,677,101,15%,101
14-10-2020,SOZHINGANALLUR,17,1199,15,1%,15
15-10-2020,THIRUVOTTIYUR,12,519,29,6%,29
15-10-2020,MANALI,4,231,11,5%,11
15-10-2020,MADHAVARAM,11,726,57,8%,57
15-10-2020,TONDIARPET,45,1990,33,2%,33
15-10-2020,ROYAPURAM,31,1791,40,2%,40
15-10-2020,THIRU VI KA NAGAR,29,2124,67,3%,67
15-10-2020,AMBATTUR,31,1468,11,1%,11
15-10-2020,ANNA NAGAR,41,1788,103,6%,103
15-10-2020,TEYNAMPET,49,763,195,26%,195
15-10-2020,KODAMBAKKAM,28,1599,36,2%,36
15-10-2020,VALASARAVAKKAM,27,1437,36,3%,36
15-10-2020,ALANDUR,28,864,31,4%,31
15-10-2020,ADYAR,36,2154,158,7%,158
15-10-2020,PERUNGUDI,22,718,78,11%,78
15-10-2020,SOZHINGANALLUR,19,1050,11,1%,11
16-10-2020,THIRUVOTTIYUR,10,481,34,7%,34
16-10-2020,MANALI,4,269,11,4%,11
16-10-2020,MADHAVARAM,14,667,16,2%,16
16-10-2020,TONDIARPET,41,1544,31,2%,31
16-10-2020,ROYAPURAM,32,1796,28,2%,28
16-10-2020,THIRU VI KA NAGAR,29,2001,37,2%,37
16-10-2020,AMBATTUR,26,1228,4,0%,4
16-10-2020,ANNA NAGAR,39,1462,62,4%,62
16-10-2020,TEYNAMPET,48,827,130,16%,130
16-10-2020,KODAMBAKKAM,28,1374,73,5%,73
16-10-2020,VALASARAVAKKAM,26,1216,52,4%,52
16-10-2020,ALANDUR,28,849,31,4%,31
16-10-2020,ADYAR,36,2018,145,7%,145
16-10-2020,PERUNGUDI,22,697,97,14%,97
16-10-2020,SOZHINGANALLUR,17,912,22,2%,22
17-10-2020,THIRUVOTTIYUR,11,461,41,9%,41
17-10-2020,MANALI,4,221,6,3%,6
17-10-2020,MADHAVARAM,13,599,19,3%,19
17-10-2020,TONDIARPET,41,1638,42,3%,42
17-10-2020,ROYAPURAM,28,1513,18,1%,18
17-10-2020,THIRU VI KA NAGAR,29,1730,40,2%,40
17-10-2020,AMBATTUR,28,1255,4,0%,4
17-10-2020,ANNA NAGAR,35,1520,43,3%,43
17-10-2020,TEYNAMPET,49,1445,133,9%,133
17-10-2020,KODAMBAKKAM,21,1277,34,3%,34
17-10-2020,VALASARAVAKKAM,27,1295,61,5%,61
17-10-2020,ALANDUR,24,796,19,2%,19
17-10-2020,ADYAR,36,1927,127,7%,127
17-10-2020,PERUNGUDI,22,630,71,11%,71
17-10-2020,SOZHINGANALLUR,17,752,11,1%,11
18-10-2020,THIRUVOTTIYUR,11,93,15,16%,15
18-10-2020,MANALI,4,83,0,0%,0
18-10-2020,MADHAVARAM,13,296,10,3%,10
18-10-2020,TONDIARPET,34,778,11,1%,11
18-10-2020,ROYAPURAM,28,514,9,2%,9
18-10-2020,THIRU VI KA NAGAR,24,498,9,2%,9
18-10-2020,AMBATTUR,23,503,0,0%,0
18-10-2020,ANNA NAGAR,21,356,11,3%,11
18-10-2020,TEYNAMPET,49,1118,137,12%,137
18-10-2020,KODAMBAKKAM,17,956,32,3%,32
18-10-2020,VALASARAVAKKAM,23,538,10,2%,10
18-10-2020,ALANDUR,22,254,0,0%,0
18-10-2020,ADYAR,28,470,92,20%,92
18-10-2020,PERUNGUDI,12,400,62,16%,62
18-10-2020,SOZHINGANALLUR,7,113,0,0%,0
19-10-2020,THIRUVOTTIYUR,11,249,40,16%,40
19-10-2020,MANALI,4,282,13,5%,13
19-10-2020,MADHAVARAM,12,706,24,3%,24
19-10-2020,TONDIARPET,41,1755,25,1%,25
19-10-2020,ROYAPURAM,33,1929,47,2%,47
19-10-2020,THIRU VI KA NAGAR,32,2106,60,3%,60
19-10-2020,AMBATTUR,32,1572,1,0%,1
19-10-2020,ANNA NAGAR,32,1360,45,3%,45
19-10-2020,TEYNAMPET,49,887,172,19%,172
19-10-2020,KODAMBAKKAM,24,1311,20,2%,20
19-10-2020,VALASARAVAKKAM,25,1365,65,5%,65
19-10-2020,ALANDUR,28,947,17,2%,17
19-10-2020,ADYAR,38,1966,174,9%,174
19-10-2020,PERUNGUDI,20,596,112,19%,112
19-10-2020,SOZHINGANALLUR,17,1179,17,1%,17
20-10-2020,THIRUVOTTIYUR,11,489,28,6%,28
20-10-2020,MANALI,4,240,2,1%,2
20-10-2020,MADHAVARAM,12,685,16,2%,16
20-10-2020,TONDIARPET,34,1218,17,1%,17
20-10-2020,ROYAPURAM,28,1414,34,2%,34
20-10-2020,THIRU VI KA NAGAR,31,1958,52,3%,52
20-10-2020,AMBATTUR,30,1393,11,1%,11
20-10-2020,ANNA NAGAR,40,1533,32,2%,32
20-10-2020,TEYNAMPET,49,703,137,19%,137
20-10-2020,KODAMBAKKAM,24,1322,38,3%,38
20-10-2020,VALASARAVAKKAM,24,1032,45,4%,45
20-10-2020,ALANDUR,28,773,18,2%,18
20-10-2020,ADYAR,39,1941,137,7%,137
20-10-2020,PERUNGUDI,20,551,77,14%,77
20-10-2020,SOZHINGANALLUR,19,1068,13,1%,13
21-10-2020,THIRUVOTTIYUR,10,669,32,5%,32
21-10-2020,MANALI,4,268,1,0%,1
21-10-2020,MADHAVARAM,14,873,21,2%,21
21-10-2020,TONDIARPET,42,1795,28,2%,28
21-10-2020,ROYAPURAM,28,1772,47,3%,47
21-10-2020,THIRU VI KA NAGAR,32,2197,53,2%,53
21-10-2020,AMBATTUR,29,1324,12,1%,12
21-10-2020,ANNA NAGAR,37,1707,52,3%,52
21-10-2020,TEYNAMPET,49,2108,156,7%,156
21-10-2020,KODAMBAKKAM,27,1584,3,0%,3
21-10-2020,VALASARAVAKKAM,28,1307,39,3%,39
21-10-2020,ALANDUR,27,1011,20,2%,20
21-10-2020,ADYAR,41,2132,120,6%,120
21-10-2020,PERUNGUDI,22,723,92,13%,92
21-10-2020,SOZHINGANALLUR,19,1140,10,1%,10
22-10-2020,THIRUVOTTIYUR,11,505,11,2%,11
22-10-2020,MANALI,4,277,4,1%,4
22-10-2020,MADHAVARAM,13,838,25,3%,25
22-10-2020,TONDIARPET,42,1468,44,3%,44
22-10-2020,ROYAPURAM,29,1825,33,2%,33
22-10-2020,THIRU VI KA NAGAR,29,1993,43,2%,43
22-10-2020,AMBATTUR,29,1309,2,0%,2
22-10-2020,ANNA NAGAR,40,1982,39,2%,39
22-10-2020,TEYNAMPET,49,2529,135,5%,135
22-10-2020,KODAMBAKKAM,28,1502,11,1%,11
22-10-2020,VALASARAVAKKAM,27,1281,37,3%,37
22-10-2020,ALANDUR,28,914,28,3%,28
22-10-2020,ADYAR,40,1997,123,6%,123
22-10-2020,PERUNGUDI,19,658,90,14%,90
22-10-2020,SOZHINGANALLUR,16,1044,16,2%,16
23-10-2020,THIRUVOTTIYUR,11,519,24,5%,24
23-10-2020,MANALI,4,288,5,2%,5
23-10-2020,MADHAVARAM,17,814,38,5%,38
23-10-2020,TONDIARPET,43,1579,29,2%,29
23-10-2020,ROYAPURAM,29,1720,27,2%,27
23-10-2020,THIRU VI KA NAGAR,30,1785,43,2%,43
23-10-2020,AMBATTUR,34,1537,14,1%,14
23-10-2020,ANNA NAGAR,39,1865,48,3%,48
23-10-2020,TEYNAMPET,49,2229,174,8%,174
23-10-2020,KODAMBAKKAM,17,912,8,1%,8
23-10-2020,VALASARAVAKKAM,26,1361,47,3%,47
23-10-2020,ALANDUR,26,819,14,2%,14
23-10-2020,ADYAR,37,2012,136,7%,136
23-10-2020,PERUNGUDI,18,622,93,15%,93
23-10-2020,SOZHINGANALLUR,17,939,15,2%,15
24-10-2020,THIRUVOTTIYUR,14,512,32,6%,32
24-10-2020,MANALI,4,356,1,0%,1
24-10-2020,MADHAVARAM,18,786,21,3%,21
24-10-2020,TONDIARPET,39,1477,24,2%,24
24-10-2020,ROYAPURAM,26,1589,29,2%,29
24-10-2020,THIRU VI KA NAGAR,33,1861,42,2%,42
24-10-2020,AMBATTUR,32,1360,3,0%,3
24-10-2020,ANNA NAGAR,41,1665,25,2%,25
24-10-2020,TEYNAMPET,49,1839,167,9%,167
24-10-2020,KODAMBAKKAM,15,802,0,0%,0
24-10-2020,VALASARAVAKKAM,27,1352,30,2%,30
24-10-2020,ALANDUR,24,897,17,2%,17
24-10-2020,ADYAR,33,1812,90,5%,90
24-10-2020,PERUNGUDI,19,574,52,9%,52
24-10-2020,SOZHINGANALLUR,19,821,7,1%,7
25-10-2020,THIRUVOTTIYUR,11,98,2,2%,2
25-10-2020,MANALI,4,84,0,0%,0
25-10-2020,MADHAVARAM,12,290,11,4%,11
25-10-2020,TONDIARPET,35,743,36,5%,36
25-10-2020,ROYAPURAM,27,443,8,2%,8
25-10-2020,THIRU VI KA NAGAR,30,700,41,6%,41
25-10-2020,AMBATTUR,23,439,4,1%,4
25-10-2020,ANNA NAGAR,19,451,14,3%,14
25-10-2020,TEYNAMPET,47,842,82,10%,82
25-10-2020,KODAMBAKKAM,8,353,0,0%,0
25-10-2020,VALASARAVAKKAM,22,606,14,2%,14
25-10-2020,ALANDUR,22,288,2,1%,2
25-10-2020,ADYAR,26,596,75,13%,75
25-10-2020,PERUNGUDI,12,342,48,14%,48
25-10-2020,SOZHINGANALLUR,9,148,0,0%,0
26-10-2020,THIRUVOTTIYUR,13,322,33,10%,33
26-10-2020,MANALI,4,232,16,7%,16
26-10-2020,MADHAVARAM,15,563,13,2%,13
26-10-2020,TONDIARPET,37,1199,39,3%,39
26-10-2020,ROYAPURAM,29,1003,28,3%,28
26-10-2020,THIRU VI KA NAGAR,32,1196,32,3%,32
26-10-2020,AMBATTUR,22,700,4,1%,4
26-10-2020,ANNA NAGAR,29,937,22,2%,22
26-10-2020,TEYNAMPET,49,1527,130,9%,130
26-10-2020,KODAMBAKKAM,11,576,0,0%,0
26-10-2020,VALASARAVAKKAM,21,890,22,2%,22
26-10-2020,ALANDUR,28,675,10,1%,10
26-10-2020,ADYAR,25,1019,106,10%,106
26-10-2020,PERUNGUDI,16,467,43,9%,43
26-10-2020,SOZHINGANALLUR,15,828,12,1%,12
27-10-2020,THIRUVOTTIYUR,12,601,31,5%,31
27-10-2020,MANALI,4,365,15,4%,15
27-10-2020,MADHAVARAM,12,711,10,1%,10
27-10-2020,TONDIARPET,36,1616,34,2%,34
27-10-2020,ROYAPURAM,27,1554,15,1%,15
27-10-2020,THIRU VI KA NAGAR,32,2138,39,2%,39
27-10-2020,AMBATTUR,26,1099,7,1%,7
27-10-2020,ANNA NAGAR,45,2091,51,2%,51
27-10-2020,TEYNAMPET,49,2158,206,10%,206
27-10-2020,KODAMBAKKAM,13,730,6,1%,6
27-10-2020,VALASARAVAKKAM,23,1260,36,3%,36
27-10-2020,ALANDUR,28,818,24,3%,24
27-10-2020,ADYAR,34,1892,119,6%,119
27-10-2020,PERUNGUDI,15,398,69,17%,69
27-10-2020,SOZHINGANALLUR,17,945,18,2%,18
28-10-2020,THIRUVOTTIYUR,13,666,26,4%,26
28-10-2020,MANALI,4,412,11,3%,11
28-10-2020,MADHAVARAM,14,882,15,2%,15
28-10-2020,TONDIARPET,33,1402,25,2%,25
28-10-2020,ROYAPURAM,28,1903,24,1%,24
28-10-2020,THIRU VI KA NAGAR,29,2183,70,3%,70
28-10-2020,AMBATTUR,27,1163,9,1%,9
28-10-2020,ANNA NAGAR,38,1831,45,2%,45
28-10-2020,TEYNAMPET,49,2167,141,7%,141
28-10-2020,KODAMBAKKAM,14,555,6,1%,6
28-10-2020,VALASARAVAKKAM,27,1439,34,2%,34
28-10-2020,ALANDUR,22,989,23,2%,23
28-10-2020,ADYAR,33,1947,131,7%,131
28-10-2020,PERUNGUDI,22,586,90,15%,90
28-10-2020,SOZHINGANALLUR,17,982,12,1%,12
29-10-2020,THIRUVOTTIYUR,12,238,8,3%,8
29-10-2020,MANALI,4,259,4,2%,4
29-10-2020,MADHAVARAM,15,713,11,2%,11
29-10-2020,TONDIARPET,36,839,32,4%,32
29-10-2020,ROYAPURAM,12,890,0,0,0
29-10-2020,THIRU VI KA NAGAR,15,1178,11,1%,11
29-10-2020,AMBATTUR,26,889,0,0,0
29-10-2020,ANNA NAGAR,33,1161,10,1%,10
29-10-2020,TEYNAMPET,49,1346,84,6%,84
29-10-2020,KODAMBAKKAM,4,114,0,0,0
29-10-2020,VALASARAVAKKAM,26,1071,33,3%,33
29-10-2020,ALANDUR,30,732,10,1%,10
29-10-2020,ADYAR,37,1973,104,5%,104
29-10-2020,PERUNGUDI,16,455,67,15%,67
29-10-2020,SOZHINGANALLUR,17,678,7,1%,7
30-10-2020,THIRUVOTTIYUR,13,550,24,4%,24
30-10-2020,MANALI,4,248,6,2%,6
30-10-2020,MADHAVARAM,18,802,10,1%,10
30-10-2020,TONDIARPET,40,1368,41,3%,41
30-10-2020,ROYAPURAM,30,1530,28,2%,28
30-10-2020,THIRU VI KA NAGAR,30,1446,53,4%,53
30-10-2020,AMBATTUR,28,1156,3,0%,3
30-10-2020,ANNA NAGAR,35,1190,22,2%,22
30-10-2020,TEYNAMPET,49,1610,165,10%,165
30-10-2020,KODAMBAKKAM,8,433,0,0%,0
30-10-2020,VALASARAVAKKAM,26,964,28,3%,28
30-10-2020,ALANDUR,28,656,10,2%,10
30-10-2020,ADYAR,34,1272,105,8%,105
30-10-2020,PERUNGUDI,19,503,76,15%,76
30-10-2020,SOZHINGANALLUR,17,735,11,1%,11
31-10-2020,THIRUVOTTIYUR,11,713,56,8%,56
31-10-2020,MANALI,4,363,5,1%,5
31-10-2020,MADHAVARAM,15,785,16,2%,16
31-10-2020,TONDIARPET,42,1723,59,3%,59
31-10-2020,ROYAPURAM,32,1790,26,1%,26
31-10-2020,THIRU VI KA NAGAR,30,1812,34,2%,34
31-10-2020,AMBATTUR,27,1156,6,1%,6
31-10-2020,ANNA NAGAR,31,1456,23,2%,23
31-10-2020,TEYNAMPET,49,1998,133,7%,133
31-10-2020,KODAMBAKKAM,7,374,6,2%,6
31-10-2020,VALASARAVAKKAM,27,1275,56,4%,56
31-10-2020,ALANDUR,24,700,17,2%,17
31-10-2020,ADYAR,33,1737,108,6%,108
31-10-2020,PERUNGUDI,12,341,60,18%,60
31-10-2020,SOZHINGANALLUR,17,951,13,1%,13
01-11-2020,THIRUVOTTIYUR,10,100,19,19%,19
01-11-2020,MANALI,4,113,0,0%,0
01-11-2020,MADHAVARAM,10,279,11,4%,11
01-11-2020,TONDIARPET,34,824,32,4%,32
01-11-2020,ROYAPURAM,29,762,10,1%,10
01-11-2020,THIRU VI KA NAGAR,31,816,46,6%,46
01-11-2020,AMBATTUR,22,769,2,0%,2
01-11-2020,ANNA NAGAR,25,509,16,3%,16
01-11-2020,TEYNAMPET,49,1165,123,11%,123
01-11-2020,KODAMBAKKAM,9,415,0,0%,0
01-11-2020,VALASARAVAKKAM,26,657,11,2%,11
01-11-2020,ALANDUR,24,313,3,1%,3
01-11-2020,ADYAR,25,651,99,15%,99
01-11-2020,PERUNGUDI,11,371,63,17%,63
01-11-2020,SOZHINGANALLUR,9,194,6,3%,6
02-11-2020,THIRUVOTTIYUR,14,643,58,9%,58
02-11-2020,MANALI,4,490,11,2%,11
02-11-2020,MADHAVARAM,16,853,20,2%,20
02-11-2020,TONDIARPET,38,1648,67,4%,67
02-11-2020,ROYAPURAM,28,1722,25,1%,25
02-11-2020,THIRU VI KA NAGAR,41,2158,72,3%,72
02-11-2020,AMBATTUR,28,1192,11,1%,11
02-11-2020,ANNA NAGAR,39,1859,18,1%,18
02-11-2020,TEYNAMPET,49,2230,185,8%,185
02-11-2020,KODAMBAKKAM,7,308,5,2%,5
02-11-2020,VALASARAVAKKAM,25,1341,50,4%,50
02-11-2020,ALANDUR,29,862,14,2%,14
02-11-2020,ADYAR,40,2123,151,7%,151
02-11-2020,PERUNGUDI,18,434,77,18%,77
02-11-2020,SOZHINGANALLUR,17,1134,5,0%,5
